/*
SQLyog Ultimate v12.09 (64 bit)
MySQL - 5.7.26 : Database - bxd_user
*********************************************************************
*/


/*!40101 SET NAMES utf8 */;

/*!40101 SET SQL_MODE=''*/;

/*!40014 SET @OLD_UNIQUE_CHECKS=@@UNIQUE_CHECKS, UNIQUE_CHECKS=0 */;
/*!40014 SET @OLD_FOREIGN_KEY_CHECKS=@@FOREIGN_KEY_CHECKS, FOREIGN_KEY_CHECKS=0 */;
/*!40101 SET @OLD_SQL_MODE=@@SQL_MODE, SQL_MODE='NO_AUTO_VALUE_ON_ZERO' */;
/*!40111 SET @OLD_SQL_NOTES=@@SQL_NOTES, SQL_NOTES=0 */;
CREATE DATABASE /*!32312 IF NOT EXISTS*/`bxd_user` /*!40100 DEFAULT CHARACTER SET utf8 */;

USE `bxd_user`;

/*Table structure for table `app_etp_user` */

CREATE TABLE `app_etp_user` (
  `id` bigint(20) unsigned NOT NULL COMMENT '主键',
  `name` varchar(255) NOT NULL COMMENT '企业名称',
  `credit_code` varchar(20) NOT NULL COMMENT '社会统一信用代码',
  `etp_type` int(1) NOT NULL COMMENT '企业类型：合资=1、独资=2、国有=3、私营=4、全民所有制=5、集体所有制=6、股份制=7、有限责任=8',
  `legal_person` varchar(255) NOT NULL COMMENT '法人',
  `legal_person_no` varchar(255) NOT NULL COMMENT '法人身份证',
  `registered_capital` bigint(20) DEFAULT NULL COMMENT '注册资本（人民币/分）',
  `registered_time` varchar(20) DEFAULT NULL COMMENT '注册时间 格式yyyy-MM-dd',
  `contacts` varchar(255) NOT NULL COMMENT '联系人',
  `contacts_phone` varchar(11) NOT NULL COMMENT '联系人电话',
  `contacts_email` varchar(1024) DEFAULT NULL COMMENT '联系人邮箱',
  `industry` varchar(255) DEFAULT NULL COMMENT '所处行业',
  `industry_code` varchar(20) DEFAULT NULL COMMENT '所处行业编码',
  `company_size` int(1) DEFAULT NULL COMMENT '公司规模：1-20人以下，2-20至50人，3-50至99人，4-90至200人，5-200至500人，6-500至1000人，7-1000人及以上',
  `operating_years` int(1) DEFAULT NULL COMMENT '经营年限：1-1年以下，2-1年，3-2年，4-3至5年，5-5年以上',
  `average_month_salary` bigint(20) DEFAULT NULL COMMENT '公司月均薪酬（人民币/分）',
  `province` varchar(255) DEFAULT NULL COMMENT '省',
  `city` varchar(255) DEFAULT NULL COMMENT '市',
  `area` varchar(255) DEFAULT NULL COMMENT '区',
  `region_code` varchar(6) DEFAULT NULL COMMENT '区域代码',
  `address` varchar(1024) DEFAULT NULL COMMENT '公司地址',
  `business_scope` text COMMENT '经营范围',
  `customer_manager` bigint(20) NOT NULL COMMENT '客户经理',
  `last_customer_manager` bigint(20) NOT NULL COMMENT '上任客户经理',
  `source` varchar(255) NOT NULL COMMENT '来源',
  `creator` bigint(20) NOT NULL COMMENT '创建人',
  `create_time` timestamp NOT NULL DEFAULT CURRENT_TIMESTAMP COMMENT '创建时间',
  `modifier` bigint(20) NOT NULL COMMENT '修改人(id)',
  `update_time` timestamp NOT NULL DEFAULT CURRENT_TIMESTAMP COMMENT '更新时间',
  PRIMARY KEY (`id`),
  UNIQUE KEY `idx_credit_code` (`credit_code`),
  KEY `idx_create_time` (`create_time`),
  KEY `idx_update_time` (`update_time`)
) ENGINE=InnoDB DEFAULT CHARSET=utf8 ROW_FORMAT=DYNAMIC COMMENT='企业客户表';

/*Data for the table `app_etp_user` */

LOCK TABLES `app_etp_user` WRITE;

insert  into `app_etp_user`(`id`,`name`,`credit_code`,`etp_type`,`legal_person`,`legal_person_no`,`registered_capital`,`registered_time`,`contacts`,`contacts_phone`,`contacts_email`,`industry`,`industry_code`,`company_size`,`operating_years`,`average_month_salary`,`province`,`city`,`area`,`region_code`,`address`,`business_scope`,`customer_manager`,`last_customer_manager`,`source`,`creator`,`create_time`,`modifier`,`update_time`) values (4707489180974858240,'汽车科技有限公司','123457895565',2,'张三张三张三张张三张','123451234512345',100,'2020-09-08','张三三张三三张三三张','13767421010','115@qq.com',NULL,'D',2,4,10000,'120000','120100','120101',NULL,'','',4568052655393357824,4543893086396219392,'自有',4543893086396219392,'2020-09-21 17:12:48',4543893086396219392,'2020-09-22 16:42:32'),(4707507872672530432,'第一家公司','SAFHHEFUI48478',2,'张法人','360159123412354',100,'2020-09-16','张三','15012341234','51@qq.com',NULL,'B',4,1,NULL,'360000','360100','360102',NULL,'bayi','销售食品、针纺织品、服装、鞋帽、日用品、化妆品、钟表、眼镜、箱包、文化用品、办公用品、体育用品、珠宝首饰、集邮票品、纪念币、工艺美术品、玩具、游艺用品、室内游艺器材、乐器、照相器材、医疗器械（I类）；避孕套、避孕帽、化肥、农业用薄膜、化工产品（不含化学危险品）、矿产品、金属材料、农药、 农业机械、自行车、摩托车（不含三轮摩托车）、汽车、汽车摩托车零配件、机械设备、家用电器',4568060145816322048,4576533944492638208,'自有',4543893086396219392,'2020-09-21 17:21:52',4543893086396219392,'2020-09-28 09:40:01'),(4718592255550570496,'陶1-企业','654654654546331',2,'陶法人','360125556486151',100,'','联系人联系人联系人','15012314811','',NULL,'',NULL,NULL,NULL,'','','',NULL,'','',4567868968232042496,4698399071671435264,'自有',4698399071671435264,'2020-09-25 10:58:29',4698399071671435264,'2020-09-25 10:58:47'),(4724487871258443776,'江西省博会九州信息服务有限公司','2562156256216632136',2,'lisi ','36154245644v44x',21,'2001-04-06','柳树','15201242456','356@QQ.com',NULL,'A',2,1,1,'110000','110100','110102',NULL,'5444','“经营范围的拟定可按行业类别不同而不同。贸易类公司最直接最广泛的经营范围就是批发零售和贸易，如此拟定公司可经营的产品就很广，除了国家专营专控产品和需要前置审批的产品。科技类的一般以研究开发为主。”“经营范围的拟定可按行业类别不同而不同。贸易类公司最直接最广泛的经营范围就是批发零售和贸易，如此拟定公司可经营的产品就很广，除了国家专营专控产品和需要前置审批的产品。科技类的一般以研究开发为主。”',4543893086396219392,4567924459209506816,'自有',4543893086396219392,'2020-09-27 10:38:15',4543893086396219392,'2020-09-28 09:36:14'),(4727387352140365824,'汽车科技有限公司','1549863513216548',4,'李四','411256869554699252',1200,'2013-09-04','张三','18562369842','',NULL,'G',4,5,NULL,'210000','210100','210102',NULL,'不晓得哪个旮沓','阿萨德千瓦时大的吉安法拉盛氪金大佬机构ID就撒数据库倒垃圾时更低哦速冻水饺阿里是烤面筋拉克丝好尬时候ID煎熬加达拉斯经理风控宫颈癌四季豆爱尚家公司动静哦我科技ask连接方式单回归is大红覅请叫我 按实际大哥好is都爱谁就离开疤痕你阿萨德哈过后阿斯蒂芬家哦艾杰尔开发和SDK静安寺来得及按时打卡机换个卡沙嗲时间哦if二级上岛咖啡还是肯定技工好我王秋菊维护过几十年的反馈阿萨德hi曲奇我看家少女心采纳佛I',4582507488087130112,4582507488087130112,'自有',4582507488087130112,'2020-09-28 10:04:41',4582507488087130112,'2020-09-28 10:04:41'),(4727400099603300352,'哈哈哈哈','1234578955654',2,'李四','522165467851646889',100,'2015-09-14','王五','15685695245','',NULL,'',NULL,NULL,NULL,'','','',NULL,'','',4582507488087130112,4582507488087130112,'自有',4582507488087130112,'2020-09-28 10:10:52',4582507488087130112,'2020-09-28 10:10:52'),(4727537950873632768,'江西省信息服务有限公司','59898956595',1,'张三','360124199510180080',11000,'2020-05-05','我添加','13767422893','',NULL,'',NULL,NULL,NULL,'','','',NULL,'','',4543893086396219392,4543893086396219392,'自有',4543893086396219392,'2020-09-28 11:17:44',4543893086396219392,'2020-10-15 17:24:49'),(4763657904278487040,'高琦测试','12365rs36364155',1,'李珊','36253215759246845',100,'','李珊','15079574261','',NULL,'',NULL,NULL,NULL,'','','',NULL,'','',4763646565564825600,4763646565564825600,'自有',4763646565564825600,'2020-10-10 15:18:13',4763646565564825600,'2020-10-10 15:18:13'),(4778768286420582400,'博能网贷','64894316546546132',4,'张三','360428199312240815',1000,'2018-10-18','李四','18265987563','',NULL,'J',2,3,NULL,'360000','360100','360102',NULL,'','',4763646565564825600,4543893086396219392,'自有',4543893086396219392,'2020-10-15 17:27:42',4543893086396219392,'2020-10-16 16:08:01'),(4780949167734276096,'江西旅游科技有限公司','3546546488ASD',4,'王小二','3601241995124544',10,'2016-06-08','王联系','13745644564','abc@qq.com',NULL,'D',3,4,5000,'360000','360100','360125',NULL,'沙井街道849号','经营范围',4575910006003613696,4698399071671435264,'自有',4543893086396219392,'2020-10-16 11:05:35',4575910006003613696,'2020-10-22 10:29:20'),(4780953737579479040,'南昌安防系统工程有限公司','54846454545465464',4,'张安防','3601241998865656',1000,'2016-10-05','李安防','13778977894','4464646@qq.com',NULL,'I',4,4,7000,'360000','360100','360102',NULL,'八一广场','飒飒上岛咖啡咖啡盘拷给我儿科公平宽容更客观',4575910006003613696,4698399071671435264,'自有',4543893086396219392,'2020-10-16 11:07:48',4575910006003613696,'2020-10-22 10:29:14'),(4796205853642342400,'测试专用-勿删-佳佳美容','46554654465',4,'高飞','362424198812122541',100,'2020-10-21','李四','13612345678','123456@qq.com',NULL,'C',1,1,2000,'110000','110100','110101',NULL,'111','111',4543893086396219392,4543893086396219392,'自有',4543893086396219392,'2020-10-21 14:26:02',4543893086396219392,'2020-10-21 16:44:30');

UNLOCK TABLES;

/*Table structure for table `app_etp_user_finance` */

CREATE TABLE `app_etp_user_finance` (
  `id` bigint(20) NOT NULL COMMENT '主键',
  `creator` bigint(20) NOT NULL COMMENT '创建人',
  `create_time` datetime NOT NULL COMMENT '创建时间',
  `modifier` bigint(20) NOT NULL COMMENT '修改人(id)',
  `update_time` datetime NOT NULL COMMENT '更新时间',
  `tax_lv` char(2) DEFAULT NULL COMMENT '纳税等级 A B C D M',
  `account_receive` varchar(20) DEFAULT NULL COMMENT '应收账款',
  `deposit` varchar(20) DEFAULT NULL COMMENT '存货,存款',
  `account_payable` varchar(20) DEFAULT NULL COMMENT '应付账款',
  `bank_loan` varchar(20) DEFAULT NULL COMMENT '银行借款',
  `monthly_income` varchar(20) DEFAULT NULL COMMENT '公司月均收入',
  `monthly_profit` varchar(20) DEFAULT NULL COMMENT '月均利润',
  `income_last_year` varchar(20) DEFAULT NULL COMMENT '上一年经营收入',
  `net_profit_last_year` varchar(20) DEFAULT NULL COMMENT '上一年净利润',
  `loan_sale_ratio` varchar(20) DEFAULT NULL COMMENT '销贷比',
  `other_liability` varchar(100) DEFAULT NULL COMMENT '其他负债情况',
  PRIMARY KEY (`id`)
) ENGINE=InnoDB DEFAULT CHARSET=utf8 ROW_FORMAT=DYNAMIC COMMENT='企业客户经济情况';

/*Data for the table `app_etp_user_finance` */

LOCK TABLES `app_etp_user_finance` WRITE;

insert  into `app_etp_user_finance`(`id`,`creator`,`create_time`,`modifier`,`update_time`,`tax_lv`,`account_receive`,`deposit`,`account_payable`,`bank_loan`,`monthly_income`,`monthly_profit`,`income_last_year`,`net_profit_last_year`,`loan_sale_ratio`,`other_liability`) values (4707489180974858240,4543893086396219392,'2020-09-21 17:12:48',4543893086396219392,'2020-09-22 16:42:32','B','','','','','','','','','',''),(4707507872672530432,4543893086396219392,'2020-09-21 17:21:52',4543893086396219392,'2020-09-24 12:04:19','B','100','200','300','400','500','800','700','600','10','1000'),(4718592255550570496,4698399071671435264,'2020-09-25 10:58:29',4698399071671435264,'2020-09-25 10:58:29','','','','','','','','','','',''),(4724487871258443776,4543893086396219392,'2020-09-27 10:38:15',4543893086396219392,'2020-09-27 10:38:54','A','12','31','423.15','24354','12','12','12','-12','-111','56446'),(4727387352140365824,4582507488087130112,'2020-09-28 10:04:41',4582507488087130112,'2020-09-28 10:04:41','','','','','','','','','','',''),(4727400099603300352,4582507488087130112,'2020-09-28 10:10:52',4582507488087130112,'2020-09-28 10:10:52','','','','','','','','','','',''),(4727537950873632768,4543893086396219392,'2020-09-28 11:17:44',4543893086396219392,'2020-10-15 17:24:49','','','','','','','','','','',''),(4763657904278487040,4763646565564825600,'2020-10-10 15:18:13',4763646565564825600,'2020-10-10 15:18:13','','','','','','','','','','',''),(4778768286420582400,4543893086396219392,'2020-10-15 17:27:42',4543893086396219392,'2020-10-15 17:27:42','','','','','','','','','','',''),(4780949167734276096,4543893086396219392,'2020-10-16 11:05:35',4543893086396219392,'2020-10-16 11:05:35','','','','','','','','','','',''),(4780953737579479040,4543893086396219392,'2020-10-16 11:07:48',4543893086396219392,'2020-10-16 11:07:48','','','','','','','','','','',''),(4796205853642342400,4543893086396219392,'2020-10-21 14:26:02',4543893086396219392,'2020-10-21 16:44:30','A','1','1','1','1','1','1','1','1','1','1');

UNLOCK TABLES;

/*Table structure for table `app_etp_user_info` */

CREATE TABLE `app_etp_user_info` (
  `id` bigint(20) NOT NULL COMMENT '主键',
  `creator` bigint(20) NOT NULL COMMENT '创建人',
  `create_time` datetime NOT NULL COMMENT '创建时间',
  `modifier` bigint(20) NOT NULL COMMENT '修改人(id)',
  `update_time` datetime NOT NULL COMMENT '更新时间',
  `normal` tinyint(2) unsigned DEFAULT NULL COMMENT '经营场所是否正常,都正常=1;仅作业正常=2;仅库存正常=3;都不正常=4',
  `influence_reason` varchar(100) DEFAULT NULL COMMENT '生产经营重大影响因素',
  `Involve_litigation` tinyint(2) unsigned DEFAULT NULL COMMENT '涉诉情况,无法律诉讼=1;有失信=2;有被执行=3;有金融诉讼=4;有民间借贷诉讼=5;有民事行政诉讼=6',
  `place_type` tinyint(2) unsigned DEFAULT NULL COMMENT '经营场所性质,租用=1;自有=2;关联人名下=3',
  `place_monthly_rent` varchar(20) DEFAULT NULL COMMENT '经营场所月租金',
  PRIMARY KEY (`id`)
) ENGINE=InnoDB DEFAULT CHARSET=utf8 ROW_FORMAT=DYNAMIC COMMENT='企业经营信息\r\n';

/*Data for the table `app_etp_user_info` */

LOCK TABLES `app_etp_user_info` WRITE;

insert  into `app_etp_user_info`(`id`,`creator`,`create_time`,`modifier`,`update_time`,`normal`,`influence_reason`,`Involve_litigation`,`place_type`,`place_monthly_rent`) values (4707489180974858240,4543893086396219392,'2020-09-21 17:12:48',4543893086396219392,'2020-09-22 16:42:32',3,'',1,1,''),(4707507872672530432,4543893086396219392,'2020-09-21 17:21:52',4543893086396219392,'2020-09-24 12:04:19',1,'1111',2,2,'100'),(4718592255550570496,4698399071671435264,'2020-09-25 10:58:29',4698399071671435264,'2020-09-25 10:58:29',NULL,'',NULL,NULL,''),(4724487871258443776,4543893086396219392,'2020-09-27 10:38:15',4543893086396219392,'2020-09-27 10:38:54',1,'让他',1,1,'12.214'),(4727387352140365824,4582507488087130112,'2020-09-28 10:04:41',4582507488087130112,'2020-09-28 10:04:41',NULL,'',NULL,NULL,''),(4727400099603300352,4582507488087130112,'2020-09-28 10:10:52',4582507488087130112,'2020-09-28 10:10:52',NULL,'',NULL,NULL,''),(4727537950873632768,4543893086396219392,'2020-09-28 11:17:44',4543893086396219392,'2020-10-15 17:24:49',NULL,'',NULL,NULL,''),(4763657904278487040,4763646565564825600,'2020-10-10 15:18:13',4763646565564825600,'2020-10-10 15:18:13',NULL,'',NULL,NULL,''),(4778768286420582400,4543893086396219392,'2020-10-15 17:27:42',4543893086396219392,'2020-10-15 17:27:42',NULL,'',NULL,NULL,''),(4780949167734276096,4543893086396219392,'2020-10-16 11:05:35',4543893086396219392,'2020-10-16 11:05:35',NULL,'',NULL,NULL,''),(4780953737579479040,4543893086396219392,'2020-10-16 11:07:48',4543893086396219392,'2020-10-16 11:07:48',NULL,'',NULL,NULL,''),(4796205853642342400,4543893086396219392,'2020-10-21 14:26:02',4543893086396219392,'2020-10-21 16:44:30',1,'1',1,1,'1');

UNLOCK TABLES;

/*Table structure for table `app_user_base` */

CREATE TABLE `app_user_base` (
  `id` bigint(20) NOT NULL,
  `create_time` timestamp NOT NULL DEFAULT CURRENT_TIMESTAMP COMMENT '创建时间',
  `update_time` timestamp NOT NULL DEFAULT CURRENT_TIMESTAMP COMMENT '更新时间',
  `creator` bigint(20) NOT NULL COMMENT '创建人',
  `modifier` bigint(20) NOT NULL COMMENT '修改人(id)',
  `customer_manager` bigint(20) NOT NULL COMMENT '客户经理',
  `source` varchar(255) NOT NULL COMMENT '来源',
  `name` varchar(255) NOT NULL COMMENT '客户名称',
  `certificate_type` char(1) NOT NULL COMMENT '证件类型：A-居民身份证，B-港澳身份证',
  `certificate_no` varchar(20) NOT NULL COMMENT '证件号,数字和字母',
  `mobile` varchar(11) NOT NULL COMMENT '手机号,11位数字',
  `gender` tinyint(2) unsigned DEFAULT NULL COMMENT '性别：-1-未知，0-女，1-男',
  `marital_status` tinyint(2) DEFAULT NULL COMMENT '婚姻状态：-1-离异，0-未婚，1-已婚',
  `email` varchar(255) DEFAULT NULL COMMENT '邮箱',
  `highest_education` tinyint(2) DEFAULT NULL COMMENT '最高学历:大学及以上=1,大专=2,中专=3,高中=4,其他=5',
  `highest_degree` tinyint(2) DEFAULT NULL COMMENT '最高学位:博士=1,硕士=2;学士=3,高中=4,其他=5',
  `province` varchar(255) DEFAULT NULL COMMENT '省',
  `city` varchar(255) DEFAULT NULL COMMENT '市',
  `area` varchar(255) DEFAULT NULL COMMENT '区',
  `region_code` varchar(6) DEFAULT NULL COMMENT '区划编码',
  `address` varchar(1024) DEFAULT NULL COMMENT '具体地址',
  `avatar` varchar(2048) DEFAULT NULL COMMENT '头像,url',
  `last_customer_manager` bigint(20) NOT NULL COMMENT '上任客户经理',
  PRIMARY KEY (`id`),
  KEY `idx_create_time` (`create_time`),
  KEY `idx_update_time` (`update_time`),
  KEY `idx_customer_manager` (`customer_manager`),
  KEY `idx_source` (`source`),
  KEY `idx_mobile_and_certificate_no` (`mobile`,`certificate_no`)
) ENGINE=InnoDB DEFAULT CHARSET=utf8 ROW_FORMAT=DYNAMIC COMMENT='个人用户基础信息';

/*Data for the table `app_user_base` */

LOCK TABLES `app_user_base` WRITE;

insert  into `app_user_base`(`id`,`create_time`,`update_time`,`creator`,`modifier`,`customer_manager`,`source`,`name`,`certificate_type`,`certificate_no`,`mobile`,`gender`,`marital_status`,`email`,`highest_education`,`highest_degree`,`province`,`city`,`area`,`region_code`,`address`,`avatar`,`last_customer_manager`) values (4706600775579615232,'2020-09-21 10:01:51','2020-09-28 09:41:18',4543893086396219392,4543893086396219392,4568060145816322048,'自有','张客户','A','360124199602020000','13710100001',0,0,'514570778@qq.com',1,1,'360000','360400','360402',NULL,'庐山XXXXX路','http://image-1255853614.cos.ap-shanghai.myqcloud.com/22c9ff90-fbb4-11ea-b110-67f30929321d_%E5%BE%AE%E4%BF%A1%E5%9B%BE%E7%89%87_20200911102901.jpg',4567868968232042496),(4706849024689324032,'2020-09-21 12:02:17','2020-09-21 12:02:17',4543893086396219392,4543893086396219392,4543893086396219392,'自有','李梅','A','360124199612120202','13519561596',NULL,NULL,'',NULL,NULL,'','','',NULL,'','',4543893086396219392),(4706852529382637568,'2020-09-21 12:03:59','2020-09-28 10:31:46',4543893086396219392,4582507488087130112,4568052655393357824,'自有','王小强','A','360124199712120202','13912311123',NULL,NULL,'',NULL,NULL,'','','',NULL,'','http://image-1255853614.cos.ap-shanghai.myqcloud.com/bdd7ef50-0132-11eb-8715-bb2362d960b6_wallhaven-4d96yg.jpg',4567868968232042496),(4707136924937109504,'2020-09-21 14:21:56','2020-09-30 09:59:38',4543893086396219392,4543893086396219392,4543893086396219392,'自有','我的名字是十个字以内','A','12345678912345678X','13767422892',1,2,'514570778@QQ.COM',1,2,'360000','360100','360102',NULL,'这是地址这是地址这是地址这是地址这是地址这是地址这是地址这是地址这是地址这是地址这是地址这是地址这是','',4698399071671435264),(4718394377817309184,'2020-09-25 09:22:30','2020-09-25 09:22:30',4698399071671435264,4698399071671435264,4698399071671435264,'自有','陶-客1','A','3601241995020202','13745677894',NULL,NULL,'',NULL,NULL,'','','',NULL,'','',4698399071671435264),(4718396130163965952,'2020-09-25 09:23:21','2020-09-28 09:40:56',4698399071671435264,4543893086396219392,4582507488087130112,'自有','陶-客2','A','360125199512120202','13767422298',NULL,NULL,'',NULL,NULL,'','','',NULL,'','',4698399071671435264),(4724515496488091648,'2020-09-27 10:51:39','2020-09-27 10:52:59',4543893086396219392,4543893086396219392,4543893086396219392,'自有','李思','A','362512321990042356','15031246457',1,1,'234@qq.com',1,1,'110000','110100','110101',NULL,'ww','',4543893086396219392),(4727348972312608768,'2020-09-28 09:46:03','2020-09-28 09:51:34',4582507488087130112,4582507488087130112,4543893086396219392,'自有','张三','A','360428199502560812','17585694268',1,0,'',1,3,'360000','360100','360102',NULL,'博能金融中心','http://image-1255853614.cos.ap-shanghai.myqcloud.com/33cf3b20-012c-11eb-8715-bb2362d960b6_1588728518967.jpg',4582507488087130112),(4727422399073501184,'2020-09-28 10:21:41','2020-09-28 10:21:41',4698399071671435264,4698399071671435264,4698399071671435264,'自有','王小二','A','360124185212311255','15011417182',NULL,NULL,'',NULL,NULL,'','','',NULL,'','',4698399071671435264),(4778406890692427776,'2020-10-15 14:32:24','2020-10-16 10:41:50',4543893086396219392,4543893086396219392,4543893086396219392,'自有','陈志豪','A','36010319510702031X','13007201883',1,1,'5344219862@qq.com',1,2,'450000','450100','450105',NULL,'','http://image-1255853614.cos.ap-shanghai.myqcloud.com/22e4ad50-0f59-11eb-8d7d-39675dee456b_QQ%E6%88%AA%E5%9B%BE20201015160432.png',4543893086396219392),(4780955970962472960,'2020-10-16 11:08:53','2020-10-16 11:09:10',4543893086396219392,4543893086396219392,4698399071671435264,'自有','赵露娜','A','36012419951121545','13700010002',NULL,0,'',NULL,NULL,'','','',NULL,'','',4543893086396219392),(4795564804003610624,'2020-10-21 09:15:05','2020-10-21 15:24:00',4543893086396219392,4543893086396219392,4543893086396219392,'自有','李世民','A','12546874764648484','13719190001',1,1,'19190001@qq.comqq.com',1,1,'610000','610100','610112',NULL,'大明宫','',4543893086396219392);

UNLOCK TABLES;

/*Table structure for table `app_user_family` */

CREATE TABLE `app_user_family` (
  `id` bigint(20) NOT NULL COMMENT '主键',
  `update_time` timestamp NOT NULL DEFAULT CURRENT_TIMESTAMP COMMENT '更新时间',
  `modifier` bigint(20) NOT NULL COMMENT '修改人(id)',
  `creator` bigint(20) NOT NULL COMMENT '创建人',
  `create_time` timestamp NOT NULL DEFAULT CURRENT_TIMESTAMP COMMENT '创建时间',
  `spouse_name` varchar(255) DEFAULT NULL COMMENT '配偶姓名',
  `spouse_certificate_type` char(1) DEFAULT NULL COMMENT '配偶证件类型：A-居民身份证，B-港澳身份证',
  `user_id` bigint(20) DEFAULT NULL COMMENT '用户id',
  `spouse_certificate_no` varchar(100) DEFAULT NULL COMMENT '配偶证件号',
  `spouse_mobile` varchar(11) DEFAULT NULL COMMENT '配偶联系方式',
  `spouse_company` varchar(255) DEFAULT NULL COMMENT '配偶工作单位',
  `family_member` varchar(255) DEFAULT NULL COMMENT '其他家庭成员',
  `family_member_mobile` varchar(11) DEFAULT NULL COMMENT '家庭成员联系方式',
  PRIMARY KEY (`id`)
) ENGINE=InnoDB DEFAULT CHARSET=utf8 ROW_FORMAT=DYNAMIC COMMENT='个人客户家庭信息';

/*Data for the table `app_user_family` */

LOCK TABLES `app_user_family` WRITE;

insert  into `app_user_family`(`id`,`update_time`,`modifier`,`creator`,`create_time`,`spouse_name`,`spouse_certificate_type`,`user_id`,`spouse_certificate_no`,`spouse_mobile`,`spouse_company`,`family_member`,`family_member_mobile`) values (4706600775579615232,'2020-09-21 11:18:47',4543893086396219392,4543893086396219392,'2020-09-21 10:01:51','李美丽','A',4706600775579615232,'360159199512121313','13720200001','路灯管理所','张小明','13730300002'),(4706849024689324032,'2020-09-21 12:02:17',4543893086396219392,4543893086396219392,'2020-09-21 12:02:17','','',4706849024689324032,'','','','',''),(4706852529382637568,'2020-09-28 10:31:46',4582507488087130112,4543893086396219392,'2020-09-21 12:03:59','','',4706852529382637568,'','','','',''),(4707136924937109504,'2020-09-30 09:59:38',4543893086396219392,4543893086396219392,'2020-09-21 14:21:56','配偶姓名是十个字以内','B',4707136924937109504,'12345678','13767422892','这是地址这是地址这是地址这是地址这是地址这是地址这是地址这是地址这是地址这是地址这是地址这是地址这是','成员名字是十个字以内','13767422892'),(4718394377817309184,'2020-09-25 09:22:30',4698399071671435264,4698399071671435264,'2020-09-25 09:22:30','','',4718394377817309184,'','','','',''),(4718396130163965952,'2020-09-25 09:23:21',4698399071671435264,4698399071671435264,'2020-09-25 09:23:21','','',4718396130163965952,'','','','',''),(4724515496488091648,'2020-09-27 10:52:59',4543893086396219392,4543893086396219392,'2020-09-27 10:51:39','ww','A',4724515496488091648,'326512198750264236','','','',''),(4727348972312608768,'2020-09-28 09:46:40',4582507488087130112,4582507488087130112,'2020-09-28 09:46:03','','',4727348972312608768,'','','','',''),(4727422399073501184,'2020-09-28 10:21:41',4698399071671435264,4698399071671435264,'2020-09-28 10:21:41','','',4727422399073501184,'','','','',''),(4778406890692427776,'2020-10-16 10:41:50',4543893086396219392,4543893086396219392,'2020-10-15 14:32:24','','',4778406890692427776,'','','','',''),(4780955970962472960,'2020-10-16 11:08:53',4543893086396219392,4543893086396219392,'2020-10-16 11:08:53','','',4780955970962472960,'','','','',''),(4795564804003610624,'2020-10-21 15:24:00',4543893086396219392,4543893086396219392,'2020-10-21 09:15:06','长孙某','A',4795564804003610624,'362144654649865465','15012454546','唐朝国务院','李治','15200022548');

UNLOCK TABLES;

/*Table structure for table `app_user_finance` */

CREATE TABLE `app_user_finance` (
  `id` bigint(20) NOT NULL COMMENT '主键',
  `creator` bigint(20) NOT NULL COMMENT '创建人',
  `create_time` timestamp NOT NULL DEFAULT CURRENT_TIMESTAMP COMMENT '创建时间',
  `modifier` bigint(20) NOT NULL COMMENT '修改人(id)',
  `update_time` timestamp NOT NULL DEFAULT CURRENT_TIMESTAMP COMMENT '更新时间',
  `is_has_house` tinyint(2) DEFAULT NULL COMMENT '有无住房,有=1,无=0',
  `house_loan_status` varchar(50) DEFAULT NULL COMMENT '住房贷款情况',
  `house_address` varchar(100) DEFAULT NULL COMMENT '房屋地址',
  `is_has_car` tinyint(2) DEFAULT NULL COMMENT '有无车辆,有=1,无=0',
  `car_loan_status` varchar(50) DEFAULT NULL COMMENT '车辆贷款情况',
  `car_info` varchar(100) DEFAULT NULL COMMENT '车辆信息',
  `is_other_investment` tinyint(2) DEFAULT NULL COMMENT '有无其他投资,有=1,无=0',
  `investment_status` varchar(50) DEFAULT NULL COMMENT '投资贷款情况',
  `investment_info` varchar(100) DEFAULT NULL COMMENT '投资信息',
  `is_has_credit_card` tinyint(2) DEFAULT NULL COMMENT '有无信用卡',
  `credit_card_amount` int(20) DEFAULT NULL COMMENT '信用卡数量',
  `credit_card_quota` int(20) DEFAULT NULL COMMENT '信用卡总额',
  `sesame_score` int(20) DEFAULT NULL COMMENT '芝麻信用分',
  `tongdun_score` int(20) DEFAULT NULL COMMENT '同盾信用分',
  PRIMARY KEY (`id`)
) ENGINE=InnoDB DEFAULT CHARSET=utf8 ROW_FORMAT=DYNAMIC COMMENT='个人用户财务信息表';

/*Data for the table `app_user_finance` */

LOCK TABLES `app_user_finance` WRITE;

insert  into `app_user_finance`(`id`,`creator`,`create_time`,`modifier`,`update_time`,`is_has_house`,`house_loan_status`,`house_address`,`is_has_car`,`car_loan_status`,`car_info`,`is_other_investment`,`investment_status`,`investment_info`,`is_has_credit_card`,`credit_card_amount`,`credit_card_quota`,`sesame_score`,`tongdun_score`) values (4706600775579615232,4543893086396219392,'2020-09-21 10:01:51',4543893086396219392,'2020-09-21 11:18:47',0,'1','JJOFEFEFFEW',1,'1','赣A90778',1,'2','wuuu',1,4,100,600,500),(4706849024689324032,4543893086396219392,'2020-09-21 12:02:17',4543893086396219392,'2020-09-21 12:02:17',NULL,'','',NULL,'','',NULL,'','',NULL,NULL,NULL,NULL,NULL),(4706852529382637568,4543893086396219392,'2020-09-21 12:03:59',4582507488087130112,'2020-09-28 10:31:46',NULL,'','',NULL,'','',NULL,'','',NULL,NULL,NULL,NULL,NULL),(4707136924937109504,4543893086396219392,'2020-09-21 14:21:56',4543893086396219392,'2020-09-30 09:59:38',1,'4','这是地址这是地址这是地址这是地址这是地址这是地址这是地址这是地址这是地址这是地址这是地址这是地址这是',1,'3','这是地址这是地址这是地址这是地址这是地址这是地址这是地址这是地址这是地址这是地址这是地址这是地址这是',1,'2','这是地址这是地址这是地址这是地址这是地址这是地址这是地址这是地址这是地址这是地址这是地址这是地址这是',1,7,122,200,300),(4718394377817309184,4698399071671435264,'2020-09-25 09:22:30',4698399071671435264,'2020-09-25 09:22:30',NULL,'','',NULL,'','',NULL,'','',NULL,NULL,NULL,NULL,NULL),(4718396130163965952,4698399071671435264,'2020-09-25 09:23:21',4698399071671435264,'2020-09-25 09:23:21',NULL,'','',NULL,'','',NULL,'','',NULL,NULL,NULL,NULL,NULL),(4724515496488091648,4543893086396219392,'2020-09-27 10:51:39',4543893086396219392,'2020-09-27 10:52:59',NULL,'','',NULL,'','',NULL,'','',NULL,NULL,NULL,NULL,NULL),(4727348972312608768,4582507488087130112,'2020-09-28 09:46:03',4582507488087130112,'2020-09-28 09:46:40',NULL,'','',NULL,'','',NULL,'','',NULL,NULL,NULL,NULL,NULL),(4727422399073501184,4698399071671435264,'2020-09-28 10:21:41',4698399071671435264,'2020-09-28 10:21:41',NULL,'','',NULL,'','',NULL,'','',NULL,NULL,NULL,NULL,NULL),(4778406890692427776,4543893086396219392,'2020-10-15 14:32:24',4543893086396219392,'2020-10-16 10:41:50',NULL,'','',NULL,'','',NULL,'','',NULL,NULL,NULL,NULL,NULL),(4780955970962472960,4543893086396219392,'2020-10-16 11:08:53',4543893086396219392,'2020-10-16 11:08:53',NULL,'','',NULL,'','',NULL,'','',NULL,NULL,NULL,NULL,NULL),(4795564804003610624,4543893086396219392,'2020-10-21 09:15:06',4543893086396219392,'2020-10-21 15:24:00',1,'2','大明皇宫',1,'2','陕A88888',1,'1','无',1,6,8888,200,100);

UNLOCK TABLES;

/*Table structure for table `app_user_job` */

CREATE TABLE `app_user_job` (
  `id` bigint(20) NOT NULL COMMENT '主键',
  `user_id` bigint(20) DEFAULT NULL COMMENT '用户id',
  `company` varchar(255) DEFAULT NULL COMMENT '工作单位',
  `company_address` varchar(1024) DEFAULT NULL COMMENT '单位地址',
  `company_type` varchar(255) DEFAULT NULL COMMENT '单位类型',
  `company_industry` varchar(255) DEFAULT NULL COMMENT '单位所属行业',
  `job_occupation` varchar(255) DEFAULT NULL COMMENT '职业',
  `job_position` varchar(255) DEFAULT NULL COMMENT '职位',
  `job_title` varchar(255) DEFAULT NULL COMMENT '职称',
  `job_start_time` varchar(20) DEFAULT NULL COMMENT '本单位工作起始年份 yyyy-MM',
  `annual_income` tinyint(2) DEFAULT NULL COMMENT '年收入：1-5万以下，2-5到10万，3-10到15万，4-15到30万，5-30到50万，6-50到100万，7-100到500万，8-500万以上',
  `wage_account` varchar(50) DEFAULT NULL COMMENT '工资账号',
  `bank_name` varchar(20) DEFAULT NULL COMMENT '开户银行',
  `creator` bigint(20) NOT NULL COMMENT '创建人',
  `create_time` timestamp NOT NULL DEFAULT CURRENT_TIMESTAMP COMMENT '创建时间',
  `modifier` bigint(20) NOT NULL COMMENT '修改人(id)',
  `update_time` timestamp NOT NULL DEFAULT CURRENT_TIMESTAMP COMMENT '更新时间',
  PRIMARY KEY (`id`)
) ENGINE=InnoDB DEFAULT CHARSET=utf8 ROW_FORMAT=DYNAMIC COMMENT='个人客户工作情况';

/*Data for the table `app_user_job` */

LOCK TABLES `app_user_job` WRITE;

insert  into `app_user_job`(`id`,`user_id`,`company`,`company_address`,`company_type`,`company_industry`,`job_occupation`,`job_position`,`job_title`,`job_start_time`,`annual_income`,`wage_account`,`bank_name`,`creator`,`create_time`,`modifier`,`update_time`) values (4706600775579615232,4706600775579615232,'路灯管理处','庐山XXXXX路','1','A','行政专员','1','1','2020-02',2,'60048734584789797897','中国银行',4543893086396219392,'2020-09-21 10:01:51',4543893086396219392,'2020-09-21 11:18:47'),(4706849024689324032,4706849024689324032,'','','','','','','','',NULL,'','',4543893086396219392,'2020-09-21 12:02:17',4543893086396219392,'2020-09-21 12:02:17'),(4706852529382637568,4706852529382637568,'','','','','','','','',NULL,'','',4543893086396219392,'2020-09-21 12:03:59',4582507488087130112,'2020-09-28 10:31:46'),(4707136924937109504,4707136924937109504,'这是地址这是地址这是地址这是地址这是地址这是地址这是地址这是地址这是地址这是地址这是地址这是地址这是','这是地址这是地址这是地址这是地址这是地址这是地址这是地址这是地址这是地址这是地址这是地址这是地址这是','1','D','职业姓名是十个字以内','1','','2020-09',3,'1234567812345678','开户银行是十个字以内',4543893086396219392,'2020-09-21 14:21:56',4543893086396219392,'2020-09-30 09:59:38'),(4718394377817309184,4718394377817309184,'','','','','','','','',NULL,'','',4698399071671435264,'2020-09-25 09:22:30',4698399071671435264,'2020-09-25 09:22:30'),(4718396130163965952,4718396130163965952,'','','','','','','','',NULL,'','',4698399071671435264,'2020-09-25 09:23:21',4698399071671435264,'2020-09-25 09:23:21'),(4724515496488091648,4724515496488091648,'','','','','','','','',NULL,'','',4543893086396219392,'2020-09-27 10:51:39',4543893086396219392,'2020-09-27 10:52:59'),(4727348972312608768,4727348972312608768,'','','','','','','','',NULL,'','',4582507488087130112,'2020-09-28 09:46:03',4582507488087130112,'2020-09-28 09:46:40'),(4727422399073501184,4727422399073501184,'','','','','','','','',NULL,'','',4698399071671435264,'2020-09-28 10:21:41',4698399071671435264,'2020-09-28 10:21:41'),(4778406890692427776,4778406890692427776,'','','','','','','','',NULL,'','',4543893086396219392,'2020-10-15 14:32:24',4543893086396219392,'2020-10-16 10:41:50'),(4780955970962472960,4780955970962472960,'','','','','','','','',NULL,'','',4543893086396219392,'2020-10-16 11:08:53',4543893086396219392,'2020-10-16 11:08:53'),(4795564804003610624,4795564804003610624,'唐朝国务院','大明宫','1','K','最高首脑','5','4','1993-01',8,'62213545465468468484','大唐银行',4543893086396219392,'2020-10-21 09:15:06',4543893086396219392,'2020-10-21 15:24:00');

UNLOCK TABLES;

/*Table structure for table `attachment` */

CREATE TABLE `attachment` (
  `id` bigint(20) NOT NULL COMMENT '主键',
  `creator` bigint(20) NOT NULL COMMENT '创建人',
  `modifier` bigint(20) NOT NULL COMMENT '创建时间',
  `update_time` timestamp NOT NULL DEFAULT CURRENT_TIMESTAMP COMMENT '更新时间',
  `create_time` timestamp NOT NULL DEFAULT CURRENT_TIMESTAMP COMMENT '创建时间',
  `user_id` bigint(20) NOT NULL COMMENT '用户id（个人客户和企业客户）',
  `name` varchar(255) DEFAULT NULL COMMENT '附件名称',
  `type` varchar(255) DEFAULT NULL COMMENT '文件类型',
  `attachment` varchar(2048) DEFAULT NULL COMMENT '附件url',
  `order_position` tinyint(2) DEFAULT NULL COMMENT '文件顺序位置,1,2,3',
  PRIMARY KEY (`id`),
  KEY `idx_user_id` (`user_id`),
  KEY `idx_index` (`order_position`),
  KEY `idx_user_id_and_order_position` (`user_id`,`order_position`)
) ENGINE=InnoDB DEFAULT CHARSET=utf8 ROW_FORMAT=DYNAMIC COMMENT='附件';

/*Data for the table `attachment` */

LOCK TABLES `attachment` WRITE;

insert  into `attachment`(`id`,`creator`,`modifier`,`update_time`,`create_time`,`user_id`,`name`,`type`,`attachment`,`order_position`) values (123123,123123,123123,'2020-09-19 09:19:48','2020-09-19 09:19:48',4322131,'fasd',NULL,'1',NULL),(123124,123123,123123,'2020-09-19 09:24:00','2020-09-19 09:24:00',4322132,'fasd',NULL,'1',NULL),(123125,123123,123123,'2020-09-19 09:24:22','2020-09-19 09:24:22',4322132,'fasd','1sdfgdfg','1',NULL),(123126,123123,123123,'2020-09-19 09:24:53','2020-09-19 09:24:53',4322132,'fasd','1sdfgdfg','1',NULL),(123144,123123,123123,'2020-09-19 09:26:40','2020-09-19 09:26:40',4322132,'fasd','1sdfgdfg','1',2),(4701611226172506113,1,1,'2020-09-19 17:41:37','2020-09-19 17:41:37',4701611226172506112,'12123','2131','13123123',3),(4701611226172506114,1,1,'2020-09-19 17:41:37','2020-09-19 17:41:37',4701611226172506112,'12123','2131','13123123',NULL),(4701611226172506115,1,1,'2020-09-19 17:41:37','2020-09-19 17:41:37',4701611226172506112,'12123','2131','13123123',NULL),(4701622358727737345,1,1,'2020-09-19 17:47:01','2020-09-19 17:47:01',4701622358727737344,'12123','2131','13123123',3),(4701622358727737346,1,1,'2020-09-19 17:47:01','2020-09-19 17:47:01',4701622358727737344,'12123','2131','13123123',NULL),(4701622358727737347,1,1,'2020-09-19 17:47:01','2020-09-19 17:47:01',4701622358727737344,'12123','2131','13123123',NULL),(4706566381481508864,4543893086396219392,4543893086396219392,'2020-09-21 09:45:11','2020-09-21 09:45:11',4701621740252446720,'附件1：内部招聘岗位职责及任职要求.xlsx','征信报告','http://image-1255853614.cos.ap-shanghai.myqcloud.com/125b2010-fbac-11ea-b110-67f30929321d_%E9%99%84%E4%BB%B61%EF%BC%9A%E5%86%85%E9%83%A8%E6%8B%9B%E8%81%98%E5%B2%97%E4%BD%8D%E8%81%8C%E8%B4%A3%E5%8F%8A%E4%BB%BB%E8%81%8C%E8%A6%81%E6%B1%82.xlsx',1),(4706566381481508865,4543893086396219392,4543893086396219392,'2020-09-21 09:45:11','2020-09-21 09:45:11',4701621740252446720,'附件1：招聘岗位职责及任职要求.xlsx','征信报告','http://image-1255853614.cos.ap-shanghai.myqcloud.com/125d42f0-fbac-11ea-b110-67f30929321d_%E9%99%84%E4%BB%B61%EF%BC%9A%E6%8B%9B%E8%81%98%E5%B2%97%E4%BD%8D%E8%81%8C%E8%B4%A3%E5%8F%8A%E4%BB%BB%E8%81%8C%E8%A6%81%E6%B1%82.xlsx',2),(4706566381481508866,4543893086396219392,4543893086396219392,'2020-09-21 09:45:11','2020-09-21 09:45:11',4701621740252446720,NULL,NULL,NULL,3),(4706572085198077952,4543893086396219392,4543893086396219392,'2020-09-21 09:54:20','2020-09-21 09:47:57',4701810581374517248,'008.《Java开发手册》v1.5.0 华山版.pdf','征信报告','http://image-1255853614.cos.ap-shanghai.myqcloud.com/cb1b5e60-fa69-11ea-b4cb-93c453d6a36f_008.%E3%80%8AJava%E5%BC%80%E5%8F%91%E6%89%8B%E5%86%8C%E3%80%8Bv1.5.0%20%E5%8D%8E%E5%B1%B1%E7%89%88.pdf',1),(4706572085198077953,4543893086396219392,4543893086396219392,'2020-09-21 09:54:20','2020-09-21 09:47:57',4701810581374517248,'附件1：内部招聘岗位职责及任职要求.xlsx','征信报告','http://image-1255853614.cos.ap-shanghai.myqcloud.com/7375d430-fbac-11ea-b110-67f30929321d_%E9%99%84%E4%BB%B61%EF%BC%9A%E5%86%85%E9%83%A8%E6%8B%9B%E8%81%98%E5%B2%97%E4%BD%8D%E8%81%8C%E8%B4%A3%E5%8F%8A%E4%BB%BB%E8%81%8C%E8%A6%81%E6%B1%82.xlsx',2),(4706572085198077954,4543893086396219392,4543893086396219392,'2020-09-21 09:47:57','2020-09-21 09:47:57',4701810581374517248,NULL,NULL,NULL,3),(4706588509153017856,4543893086396219392,4543893086396219392,'2020-09-21 09:55:55','2020-09-21 09:55:55',4706585485496041472,'008.《Java开发手册》v1.5.0 华山版.pdf','收入证明','http://image-1255853614.cos.ap-shanghai.myqcloud.com/93939c60-fbad-11ea-8e4c-8b0b0dc1a7a6_008.%E3%80%8AJava%E5%BC%80%E5%8F%91%E6%89%8B%E5%86%8C%E3%80%8Bv1.5.0%20%E5%8D%8E%E5%B1%B1%E7%89%88.pdf',1),(4706588509153017857,4543893086396219392,4543893086396219392,'2020-09-21 09:55:55','2020-09-21 09:55:55',4706585485496041472,NULL,NULL,NULL,2),(4706588509153017858,4543893086396219392,4543893086396219392,'2020-09-21 09:55:55','2020-09-21 09:55:55',4706585485496041472,NULL,NULL,NULL,3),(4706759345772183552,4543893086396219392,4543893086396219392,'2020-09-21 11:18:47','2020-09-21 11:18:47',4706600775579615232,'曹乃剑.pdf','征信报告','http://image-1255853614.cos.ap-shanghai.myqcloud.com/56afe230-fbae-11ea-b110-67f30929321d_%E6%9B%B9%E4%B9%83%E5%89%91.pdf',1),(4706759345772183553,4543893086396219392,4543893086396219392,'2020-09-21 11:18:47','2020-09-21 11:18:47',4706600775579615232,'附件1：内部招聘岗位职责及任职要求.xlsx','征信报告','http://image-1255853614.cos.ap-shanghai.myqcloud.com/56ac86d0-fbae-11ea-b110-67f30929321d_%E9%99%84%E4%BB%B61%EF%BC%9A%E5%86%85%E9%83%A8%E6%8B%9B%E8%81%98%E5%B2%97%E4%BD%8D%E8%81%8C%E8%B4%A3%E5%8F%8A%E4%BB%BB%E8%81%8C%E8%A6%81%E6%B1%82.xlsx',2),(4706759345772183554,4543893086396219392,4543893086396219392,'2020-09-21 11:18:47','2020-09-21 11:18:47',4706600775579615232,'附件1：招聘岗位职责及任职要求.xlsx','征信报告','http://image-1255853614.cos.ap-shanghai.myqcloud.com/56acade0-fbae-11ea-b110-67f30929321d_%E9%99%84%E4%BB%B61%EF%BC%9A%E6%8B%9B%E8%81%98%E5%B2%97%E4%BD%8D%E8%81%8C%E8%B4%A3%E5%8F%8A%E4%BB%BB%E8%81%8C%E8%A6%81%E6%B1%82.xlsx',3),(4706759345772183555,4543893086396219392,4543893086396219392,'2020-09-21 11:18:47','2020-09-21 11:18:47',4706600775579615232,'身份证.jpg','身份证','http://image-1255853614.cos.ap-shanghai.myqcloud.com/c9fbd460-fbb8-11ea-b110-67f30929321d_%E8%BA%AB%E4%BB%BD%E8%AF%81.jpg',4),(4706759345772183556,4543893086396219392,4543893086396219392,'2020-09-21 11:18:47','2020-09-21 11:18:47',4706600775579615232,'tim7777g.jpg','户口本','http://image-1255853614.cos.ap-shanghai.myqcloud.com/2648acc0-fbb9-11ea-b110-67f30929321d_tim7777g.jpg',5),(4710395499444715520,4543893086396219392,4543893086396219392,'2020-09-22 16:42:32','2020-09-22 16:42:32',4707489180974858240,'202005127141145.xlsx','法人身份证','http://image-1255853614.cos.ap-shanghai.myqcloud.com/12483e00-fca1-11ea-9e3c-e55af213b8e4_202005127141145.xlsx',3),(4715759260762390528,4543893086396219392,4543893086396219392,'2020-09-24 12:04:19','2020-09-24 12:04:19',4707507872672530432,'微信图片_20200430144023.jpg','征信报告','http://image-1255853614.cos.ap-shanghai.myqcloud.com/96383410-fbf0-11ea-b110-67f30929321d_%E5%BE%AE%E4%BF%A1%E5%9B%BE%E7%89%87_20200430144023.jpg',1),(4715759260762390529,4543893086396219392,4543893086396219392,'2020-09-24 12:04:19','2020-09-24 12:04:19',4707507872672530432,'附件1：内部招聘岗位职责及任职要求.xlsx','现金流量表','http://image-1255853614.cos.ap-shanghai.myqcloud.com/a24c65a0-fbf0-11ea-b110-67f30929321d_%E9%99%84%E4%BB%B61%EF%BC%9A%E5%86%85%E9%83%A8%E6%8B%9B%E8%81%98%E5%B2%97%E4%BD%8D%E8%81%8C%E8%B4%A3%E5%8F%8A%E4%BB%BB%E8%81%8C%E8%A6%81%E6%B1%82.xlsx',2),(4715759260762390530,4543893086396219392,4543893086396219392,'2020-09-24 12:04:19','2020-09-24 12:04:19',4707507872672530432,'软件架构设计.docx','征信报告','http://image-1255853614.cos.ap-shanghai.myqcloud.com/dca1d370-fe16-11ea-8928-69092c3207c1_%E8%BD%AF%E4%BB%B6%E6%9E%B6%E6%9E%84%E8%AE%BE%E8%AE%A1.docx',3),(4724489245647978496,4543893086396219392,4543893086396219392,'2020-09-27 10:38:54','2020-09-27 10:38:54',4724487871258443776,'旅游产品分销系统.docx','征信报告','http://image-1255853614.cos.ap-shanghai.myqcloud.com/927cd500-006a-11eb-91e1-bf4b73f50ce0_%E6%97%85%E6%B8%B8%E4%BA%A7%E5%93%81%E5%88%86%E9%94%80%E7%B3%BB%E7%BB%9F.docx',1),(4724518279626899456,4543893086396219392,4543893086396219392,'2020-09-27 10:52:59','2020-09-27 10:52:59',4724515496488091648,'系统产品说明书模板.docx','收入证明','http://image-1255853614.cos.ap-shanghai.myqcloud.com/88709680-006c-11eb-91e1-bf4b73f50ce0_%E7%B3%BB%E7%BB%9F%E4%BA%A7%E5%93%81%E8%AF%B4%E6%98%8E%E4%B9%A6%E6%A8%A1%E6%9D%BF.docx',1),(4727350209263190016,4582507488087130112,4582507488087130112,'2020-09-28 09:46:40','2020-09-28 09:46:40',4727348972312608768,'wallhaven-4d96yg.jpg','征信报告','http://image-1255853614.cos.ap-shanghai.myqcloud.com/5c551240-012c-11eb-8715-bb2362d960b6_wallhaven-4d96yg.jpg',1),(4733314338289369088,4543893086396219392,4543893086396219392,'2020-09-30 09:59:38','2020-09-30 09:59:38',4707136924937109504,'身份证.jpg','身份证','http://image-1255853614.cos.ap-shanghai.myqcloud.com/ab742140-fbd2-11ea-8e4c-8b0b0dc1a7a6_%E8%BA%AB%E4%BB%BD%E8%AF%81.jpg',1),(4733314338289369089,4543893086396219392,4543893086396219392,'2020-09-30 09:59:38','2020-09-30 09:59:38',4707136924937109504,'javascript-templates-jade.jpg','身份证','http://image-1255853614.cos.ap-shanghai.myqcloud.com/ab79eda0-fbd2-11ea-8e4c-8b0b0dc1a7a6_javascript-templates-jade.jpg',2),(4733314338289369090,4543893086396219392,4543893086396219392,'2020-09-30 09:59:38','2020-09-30 09:59:38',4707136924937109504,'202005127141145.xlsx','收入证明','http://image-1255853614.cos.ap-shanghai.myqcloud.com/ba6e5bc0-fbd2-11ea-8e4c-8b0b0dc1a7a6_202005127141145.xlsx',3),(4733314338289369091,4543893086396219392,4543893086396219392,'2020-09-30 09:59:38','2020-09-30 09:59:38',4707136924937109504,'曹乃剑.pdf','收入证明','http://image-1255853614.cos.ap-shanghai.myqcloud.com/ba73da00-fbd2-11ea-8e4c-8b0b0dc1a7a6_%E6%9B%B9%E4%B9%83%E5%89%91.pdf',4),(4733314338289369092,4543893086396219392,4543893086396219392,'2020-09-30 09:59:38','2020-09-30 09:59:38',4707136924937109504,'附件1：招聘岗位职责及任职要求.xlsx','收入证明','http://image-1255853614.cos.ap-shanghai.myqcloud.com/ba6e82d0-fbd2-11ea-8e4c-8b0b0dc1a7a6_%E9%99%84%E4%BB%B61%EF%BC%9A%E6%8B%9B%E8%81%98%E5%B2%97%E4%BD%8D%E8%81%8C%E8%B4%A3%E5%8F%8A%E4%BB%BB%E8%81%8C%E8%A6%81%E6%B1%82.xlsx',5),(4796325356812386304,4543893086396219392,4543893086396219392,'2020-10-21 15:24:00','2020-10-21 15:24:00',4795564804003610624,'身份证.jpg','身份证','http://image-1255853614.cos.ap-shanghai.myqcloud.com/50c96bc0-136e-11eb-baf8-1347b091a193_%E8%BA%AB%E4%BB%BD%E8%AF%81.jpg',1),(4796325356812386305,4543893086396219392,4543893086396219392,'2020-10-21 15:24:00','2020-10-21 15:24:00',4795564804003610624,'图片3.png','征信报告','http://image-1255853614.cos.ap-shanghai.myqcloud.com/59538c30-136e-11eb-baf8-1347b091a193_%E5%9B%BE%E7%89%873.png',2),(4796491279988965376,4543893086396219392,4543893086396219392,'2020-10-21 16:44:30','2020-10-21 16:44:30',4796205853642342400,'b03f359d06732d89ecd7eda0e561247.png','征信报告','http://image-1255853614.cos.ap-shanghai.myqcloud.com/c44ac5d0-1378-11eb-9f55-17ac776bcb63_b03f359d06732d89ecd7eda0e561247.png',1);

UNLOCK TABLES;

/*Table structure for table `sys_department` */

CREATE TABLE `sys_department` (
  `id` bigint(20) NOT NULL COMMENT '主键',
  `parent_id` bigint(20) DEFAULT NULL COMMENT '父级部门id',
  `name` varchar(128) DEFAULT NULL COMMENT '部门名称',
  `short_name` varchar(128) DEFAULT NULL COMMENT '部门简称',
  `level` int(1) DEFAULT NULL COMMENT '层级',
  `status` int(1) DEFAULT '1' COMMENT '状态（-1-删除，0-禁用，1-启用）',
  `creator` bigint(20) NOT NULL COMMENT '创建人',
  `create_time` datetime NOT NULL COMMENT '创建时间',
  `modifier` bigint(20) NOT NULL COMMENT '修改人（id）',
  `update_time` datetime NOT NULL COMMENT '更新时间',
  PRIMARY KEY (`id`)
) ENGINE=InnoDB DEFAULT CHARSET=utf8 COMMENT='系统部门信息 ';

/*Data for the table `sys_department` */

LOCK TABLES `sys_department` WRITE;

insert  into `sys_department`(`id`,`parent_id`,`name`,`short_name`,`level`,`status`,`creator`,`create_time`,`modifier`,`update_time`) values (4564939010262188032,NULL,'网络小贷公司',NULL,1,1,4543893086396219392,'2020-08-04 16:46:51',4543893086396219392,'2020-08-04 16:51:55'),(4564941381084135424,4564939010262188032,'风控管理部',NULL,2,1,4543893086396219392,'2020-08-04 16:48:01',4543893086396219392,'2020-08-05 15:50:29'),(4567170640909451264,4564939010262188032,'业务管理中心',NULL,2,1,4543893086396219392,'2020-08-05 10:49:20',4543893086396219392,'2020-08-05 10:49:20'),(4567173183530090496,4567170640909451264,'业务管理部',NULL,3,-1,4543893086396219392,'2020-08-05 10:50:35',4543893086396219392,'2020-08-12 14:20:51'),(4567660267181195264,4567792552173912064,'业务小组1',NULL,4,-1,4543893086396219392,'2020-08-05 14:46:51',4543893086396219392,'2020-08-05 18:05:02'),(4567716960749502464,4567170640909451264,'业务小组二',NULL,3,-1,4543893086396219392,'2020-08-05 15:14:21',4543893086396219392,'2020-08-05 15:19:34'),(4567792552173912064,4567170640909451264,'业务管理部2',NULL,3,1,4543893086396219392,'2020-08-05 15:51:00',4543893086396219392,'2020-08-05 15:51:00'),(4568062722796699648,4567173183530090496,'业务小组2',NULL,4,-1,4543893086396219392,'2020-08-05 18:02:03',4543893086396219392,'2020-08-05 18:02:54'),(4568065849532891136,4567792552173912064,'业务小组3',NULL,4,1,4543893086396219392,'2020-08-05 18:03:35',4543893086396219392,'2020-08-05 18:03:35'),(4576177840164192256,4564941381084135424,'尽调小组1',NULL,3,1,4575910727558119424,'2020-08-08 11:38:24',4575910727558119424,'2020-08-08 11:38:24'),(4576178321200529408,4564941381084135424,'尽调小组3',NULL,3,-1,4575910727558119424,'2020-08-08 11:38:38',4575910727558119424,'2020-08-08 11:38:48'),(4587840634877919232,4576177840164192256,'业务管理部1',NULL,4,1,4543893086396219392,'2020-08-12 09:55:36',4543893086396219392,'2020-08-12 09:55:36'),(4588451241788456960,4564939010262188032,'演示部门',NULL,2,1,4543893086396219392,'2020-08-12 14:51:48',4543893086396219392,'2020-08-12 14:51:48'),(4588451997702701056,4588451241788456960,'演示1',NULL,3,1,4543893086396219392,'2020-08-12 14:52:09',4543893086396219392,'2020-08-12 14:52:09'),(4590790487136288768,NULL,'ceshi',NULL,1,-1,4543893086396219392,'2020-08-13 09:46:28',4543893086396219392,'2020-08-13 09:46:41'),(4590814538953146368,4564939010262188032,'yanshi',NULL,2,-1,4543893086396219392,'2020-08-13 09:58:09',4543893086396219392,'2020-08-13 10:01:28'),(4590815019989483520,4590814538953146368,'sanjibumen',NULL,3,-1,4543893086396219392,'2020-08-13 09:58:23',4543893086396219392,'2020-08-13 10:01:25');

UNLOCK TABLES;

/*Table structure for table `sys_permission` */

CREATE TABLE `sys_permission` (
  `id` bigint(20) NOT NULL COMMENT 'ID',
  `parent_id` bigint(20) DEFAULT NULL COMMENT '父级权限',
  `system` varchar(50) DEFAULT NULL COMMENT '应用系统key',
  `name` varchar(255) DEFAULT NULL COMMENT '权限名称',
  `type` int(1) DEFAULT NULL COMMENT '1.目录 、2.菜单、3.功能',
  `sort` int(11) COMMENT '排序',
  `deep` int(11) DEFAULT NULL COMMENT '深度',
  `menu_url` varchar(100) DEFAULT NULL COMMENT '菜单uri',
  `icon` varchar(255) DEFAULT NULL COMMENT '菜单图标',
  `http_method` varchar(50) DEFAULT NULL COMMENT 'http请求方式',
  `resource_name` varchar(100) DEFAULT NULL COMMENT '资源名称',
  `status` int(1) DEFAULT '1' COMMENT '状态（0-禁用 1-启用）',
  `creator` bigint(20) DEFAULT NULL COMMENT '创建人',
  `create_time` datetime DEFAULT NULL COMMENT '创建时间',
  `modifier` bigint(20) NOT NULL COMMENT '修改人',
  `update_time` datetime DEFAULT NULL COMMENT '更新时间',
  PRIMARY KEY (`id`) USING BTREE
) ENGINE=InnoDB DEFAULT CHARSET=utf8 ROW_FORMAT=DYNAMIC COMMENT='权限表';

/*Data for the table `sys_permission` */

LOCK TABLES `sys_permission` WRITE;

insert  into `sys_permission`(`id`,`parent_id`,`system`,`name`,`type`,`sort`,`deep`,`menu_url`,`icon`,`http_method`,`resource_name`,`status`,`creator`,`create_time`,`modifier`,`update_time`) values (4570963337549987840,NULL,'413823dbd0224738889aa5cec69b3704','决策管理',1,2,1,'','icon iconfont icon-decision','eiusmod sunt','decisionManage',1,4543893086396219392,'2020-08-06 17:29:02',4543893086396219392,'2020-11-16 09:36:19'),(4570963337549987841,NULL,'413823dbd0224738889aa5cec69b3704','工作流管理',2,5,1,'/workflow/workflow-manage','icon iconfont icon-processing','','processingManage',1,4543893086396219392,'2020-08-06 17:29:02',4543893086396219392,'2020-11-13 09:02:10'),(4570963337549987842,NULL,'413823dbd0224738889aa5cec69b3704','系统管理',1,6,1,'','icon iconfont icon-setting','','systemManage',1,4543893086396219392,'2020-08-06 17:29:02',4543893086396219392,'2020-11-13 08:58:51'),(4570963337549987843,4570963337549987842,'413823dbd0224738889aa5cec69b3704','用户及部门',2,1,2,'/system/user-department','','','systemManage',1,4543893086396219392,'2020-08-06 17:29:02',4543893086396219392,'2020-08-06 17:29:02'),(4570963337549987844,4570963337549987843,'413823dbd0224738889aa5cec69b3704','查看用户',3,1,3,'','','GET','get/sysUser',1,4543893086396219392,'2020-08-06 17:29:02',4543893086396219392,'2020-08-06 17:29:02'),(4570963337549987845,4570963337549987843,'413823dbd0224738889aa5cec69b3704','新增用户',3,2,3,'','','POST','add/sysUser',1,4543893086396219392,'2020-08-06 17:29:02',4543893086396219392,'2020-08-06 17:29:02'),(4570963337549987846,4570963337549987843,'413823dbd0224738889aa5cec69b3704','删除用户',3,3,3,'','','DELETE','delete/sysUser',1,4543893086396219392,'2020-08-06 17:29:02',4543893086396219392,'2020-08-06 17:29:02'),(4570963337549987847,4570963337549987843,'413823dbd0224738889aa5cec69b3704','编辑用户',3,4,3,'','','PUT','edit/sysUser',1,4543893086396219392,'2020-08-06 17:29:02',4543893086396219392,'2020-08-06 17:29:02'),(4570963337549987848,4570963337549987843,'413823dbd0224738889aa5cec69b3704','查看部门',3,5,3,'','','GET','get/sysDepartment',1,4543893086396219392,'2020-08-06 17:29:02',4543893086396219392,'2020-08-06 17:29:02'),(4570963337549987849,4570963337549987843,'413823dbd0224738889aa5cec69b3704','新增部门',3,6,3,'','','POST','add/sysDepartment',1,4543893086396219392,'2020-08-06 17:29:02',4543893086396219392,'2020-08-06 17:29:02'),(4570963337549987850,4570963337549987843,'413823dbd0224738889aa5cec69b3704','删除部门',3,7,3,'','','DELETE','delete/sysDepartment',1,4543893086396219392,'2020-08-06 17:29:02',4543893086396219392,'2020-08-06 17:29:02'),(4570963337549987851,4570963337549987843,'413823dbd0224738889aa5cec69b3704','编辑部门',3,8,3,'','','PUT','edit/sysDepartment',1,4543893086396219392,'2020-08-06 17:29:02',4543893086396219392,'2020-08-06 17:29:02'),(4570963337549987852,4570963337549987842,'413823dbd0224738889aa5cec69b3704','角色与权限',2,2,2,'/system/role-auth','','','systemManage',1,4543893086396219392,'2020-08-06 17:29:02',4543893086396219392,'2020-08-06 17:29:02'),(4570963337549987853,4570963337549987852,'413823dbd0224738889aa5cec69b3704','查看角色',3,1,3,'','','GET','get/role',1,4543893086396219392,'2020-08-06 17:29:02',4543893086396219392,'2020-08-06 17:29:02'),(4570963337549987854,4570963337549987852,'413823dbd0224738889aa5cec69b3704','新增角色',3,2,3,'','','POST','add/role',1,4543893086396219392,'2020-08-06 17:29:02',4543893086396219392,'2020-08-06 17:29:02'),(4570963337549987855,4570963337549987852,'413823dbd0224738889aa5cec69b3704','删除角色',3,3,3,'','','DELETE','delete/role',1,4543893086396219392,'2020-08-06 17:29:02',4543893086396219392,'2020-08-06 17:29:02'),(4570963337549987856,4570963337549987852,'413823dbd0224738889aa5cec69b3704','编辑角色',3,4,3,'','','PUT','edit/role',1,4543893086396219392,'2020-08-06 17:29:02',4543893086396219392,'2020-08-06 17:29:02'),(4570963337549987857,4570963337549987852,'413823dbd0224738889aa5cec69b3704','角色授权',3,5,3,'','','POST','post/role/permission',1,4543893086396219392,'2020-08-06 17:29:02',4543893086396219392,'2020-08-06 17:29:02'),(4570963337549987858,4570963337549987842,'413823dbd0224738889aa5cec69b3704','外部平台管理',2,3,2,'/system/outside-platform','','','systemManage',1,4543893086396219392,'2020-08-06 17:29:02',4543893086396219392,'2020-08-06 17:29:02'),(4570963337549987859,4570963337549987858,'413823dbd0224738889aa5cec69b3704','查看外部平台',3,1,3,'','','GET','get/outsidePlatform',1,4543893086396219392,'2020-08-06 17:29:02',4543893086396219392,'2020-08-06 17:29:02'),(4570963337549987860,4570963337549987858,'413823dbd0224738889aa5cec69b3704','新增外部平台',3,2,3,'','','POST','add/outsidePlatform',1,4543893086396219392,'2020-08-06 17:29:02',4543893086396219392,'2020-08-06 17:29:02'),(4570963337549987861,4570963337549987858,'413823dbd0224738889aa5cec69b3704','删除外部平台',3,3,3,'','','DELETE','delete/outsidePlatform',1,4543893086396219392,'2020-08-06 17:29:02',4543893086396219392,'2020-08-06 17:29:02'),(4570963337549987862,4570963337549987858,'413823dbd0224738889aa5cec69b3704','修改外部平台',3,4,3,'','','PUT','edit/outsidePlatform',1,4543893086396219392,'2020-08-06 17:29:02',4543893086396219392,'2020-08-06 17:29:02'),(4570963337549987863,4570963337549987858,'413823dbd0224738889aa5cec69b3704','生成机构码',3,5,3,'','','POST','post/outsidePlatform/code',1,4543893086396219392,'2020-08-06 17:29:02',4543893086396219392,'2020-08-06 17:29:02'),(4570963337549987864,4570963337549987858,'413823dbd0224738889aa5cec69b3704','查看机构码',3,6,3,'','','GET','get/outsidePlatform/code',1,4543893086396219392,'2020-08-06 17:29:02',4543893086396219392,'2020-08-06 17:29:02'),(4570963337549987865,4570963337549987842,'413823dbd0224738889aa5cec69b3704','日志管理',2,4,2,'/system/log','','','systemManage',1,4543893086396219392,'2020-08-06 17:29:02',4543893086396219392,'2020-11-06 14:28:51'),(4570963337549987866,4570963337549987865,'413823dbd0224738889aa5cec69b3704','查看日志',3,1,3,'','','GET','get/syslog',1,4543893086396219392,'2020-08-06 17:29:02',4543893086396219392,'2020-11-06 14:28:28'),(4603350620777234432,4570963337549987840,'413823dbd0224738889aa5cec69b3704','特征管理',2,1,2,'/decision/feature-manage','','','decisionFeatureManage',1,4543893086396219392,'2020-08-17 15:18:57',4543893086396219392,'2020-08-17 15:18:57'),(4603350620777234433,4570963337549987840,'413823dbd0224738889aa5cec69b3704','模型管理',2,2,2,'/decision/model-manage','','','decisionModelManage',1,4543893086396219392,'2020-08-17 15:18:57',4543893086396219392,'2020-08-17 15:18:57'),(4603350620777234434,4570963337549987840,'413823dbd0224738889aa5cec69b3704','决策任务管理',2,3,2,'/decision/task-manage','','','decisionTaskManage',1,4543893086396219392,'2020-08-17 15:18:57',4543893086396219392,'2020-08-17 15:18:57'),(4606490997784854528,4603350620777234432,'413823dbd0224738889aa5cec69b3704','查看特征字段',3,1,3,'','','GET','get/featureField',1,4543893086396219392,'2020-08-18 16:42:14',4543893086396219392,'2020-08-18 16:42:14'),(4606490997784854529,4603350620777234432,'413823dbd0224738889aa5cec69b3704','新增特征字段',3,2,3,'','','POST','post/featureField',1,4543893086396219392,'2020-08-18 16:42:14',4543893086396219392,'2020-08-18 16:42:14'),(4606490997784854530,4603350620777234432,'413823dbd0224738889aa5cec69b3704','删除特征字段',3,3,3,'','','DELETE','delete/featureField',1,4543893086396219392,'2020-08-18 16:42:14',4543893086396219392,'2020-08-18 16:42:14'),(4606490997784854531,4603350620777234432,'413823dbd0224738889aa5cec69b3704','修改特征字段',3,4,3,'','','PUT','put/featureField',1,4543893086396219392,'2020-08-18 16:42:14',4543893086396219392,'2020-08-18 16:42:14'),(4606490997784854532,4603350620777234432,'413823dbd0224738889aa5cec69b3704','查看特征组',3,5,3,'','','GET','get/featureGroup',1,4543893086396219392,'2020-08-18 16:42:14',4543893086396219392,'2020-08-18 16:42:14'),(4606490997784854533,4603350620777234432,'413823dbd0224738889aa5cec69b3704','新增特征组',3,6,3,'','','POST','post/featureGroup',1,4543893086396219392,'2020-08-18 16:42:14',4543893086396219392,'2020-08-18 16:42:14'),(4606490997784854534,4603350620777234432,'413823dbd0224738889aa5cec69b3704','删除特征组',3,7,3,'','','DELETE','delete/featureGroup',1,4543893086396219392,'2020-08-18 16:42:14',4543893086396219392,'2020-08-18 16:42:14'),(4606490997784854535,4603350620777234432,'413823dbd0224738889aa5cec69b3704','修改特征组',3,8,3,'','','PUT','put/featureGroup',1,4543893086396219392,'2020-08-18 16:42:14',4543893086396219392,'2020-08-18 16:42:14'),(4689692313968984064,NULL,'413823dbd0224738889aa5cec69b3704','客户管理',2,3,1,'/customer/customer-manage','icon iconfont icon-kehuguanli','eiusmod sunt','productManage',1,4543893086396219392,'2020-09-15 17:20:11',4543893086396219392,'2020-11-15 19:49:50'),(4689692313968984065,4689692313968984064,'413823dbd0224738889aa5cec69b3704','查看企业客户',3,1,2,'','','GET','get/etpCustomer',1,4543893086396219392,'2020-09-15 17:20:11',4543893086396219392,'2020-09-15 17:20:11'),(4689692313968984066,4689692313968984064,'413823dbd0224738889aa5cec69b3704','新增企业客户',3,2,2,'','','POST','post/etpCustomer',1,4543893086396219392,'2020-09-15 17:20:11',4543893086396219392,'2020-09-15 17:20:11'),(4689692313968984067,4689692313968984064,'413823dbd0224738889aa5cec69b3704','编辑企业客户',3,3,2,'','','PUT','put/etpCustomer',1,4543893086396219392,'2020-09-15 17:20:11',4543893086396219392,'2020-09-15 17:20:11'),(4689692313968984068,4689692313968984064,'413823dbd0224738889aa5cec69b3704','企业客户分配',3,4,2,'','','PUT','put/etpCustomer/allot',1,4543893086396219392,'2020-09-15 17:20:11',4543893086396219392,'2020-09-15 17:20:11'),(4689692313968984069,4689692313968984064,'413823dbd0224738889aa5cec69b3704','查看个人客户',3,5,2,'','','GET','get/personCustomer',1,4543893086396219392,'2020-09-15 17:20:11',4543893086396219392,'2020-09-15 17:20:11'),(4689692313968984070,4689692313968984064,'413823dbd0224738889aa5cec69b3704','新增个人客户',3,6,2,'','','POST','post/personCustomer',1,4543893086396219392,'2020-09-15 17:20:11',4543893086396219392,'2020-09-15 17:20:11'),(4689692313968984071,4689692313968984064,'413823dbd0224738889aa5cec69b3704','编辑个人客户',3,7,2,'','','PUT','put/personCustomer',1,4543893086396219392,'2020-09-15 17:20:11',4543893086396219392,'2020-09-15 17:20:11'),(4689692313968984072,4689692313968984064,'413823dbd0224738889aa5cec69b3704','个人客户分配',3,8,2,'','','PUT','put/personCustomer/allot',1,4543893086396219392,'2020-09-15 17:20:11',4543893086396219392,'2020-11-06 14:27:16'),(4689692313968984073,NULL,'413823dbd0224738889aa5cec69b3704','产品管理',2,4,1,'/product/product-manage','icon iconfont icon-chanpin','','productManage',1,4543893086396219392,'2020-09-15 17:20:11',4543893086396219392,'2020-11-13 08:58:29'),(4689692313968984074,4689692313968984073,'413823dbd0224738889aa5cec69b3704','查看产品',3,2,2,'','','GET','get/product',1,4543893086396219392,'2020-09-15 17:20:11',4543893086396219392,'2020-09-15 17:20:11'),(4689692313968984075,4689692313968984073,'413823dbd0224738889aa5cec69b3704','新增产品',3,1,2,'','','POST','post/product',1,4543893086396219392,'2020-09-15 17:20:11',4543893086396219392,'2020-11-06 14:21:43'),(4689692313968984076,4689692313968984073,'413823dbd0224738889aa5cec69b3704','编辑产品',3,3,2,'','','PUT','put/product',1,4543893086396219392,'2020-09-15 17:20:11',4543893086396219392,'2020-09-15 17:20:11'),(4769732774741426176,NULL,'413823dbd0224738889aa5cec69b3704','业务中心',1,1,1,'','icon iconfont icon-yewu','','businessCenter',1,4543893086396219392,'2020-10-12 16:24:55',4543893086396219392,'2020-11-13 09:01:38'),(4769732774741426177,4769732774741426176,'413823dbd0224738889aa5cec69b3704','项目进件',2,1,2,'/business/project-enter-list','','','projectInput',1,4543893086396219392,'2020-10-12 16:24:55',4543893086396219392,'2020-10-12 16:24:55'),(4769732774741426178,4769732774741426177,'413823dbd0224738889aa5cec69b3704','新增项目',3,1,3,'','','POST','post/inputProject',1,4543893086396219392,'2020-10-12 16:24:55',4543893086396219392,'2020-10-12 16:24:55'),(4769732774741426179,4769732774741426177,'413823dbd0224738889aa5cec69b3704','修改项目',3,2,3,'','','PUT','put/inputProject',1,4543893086396219392,'2020-10-12 16:24:55',4543893086396219392,'2020-10-12 16:24:55'),(4769732774741426180,4769732774741426177,'413823dbd0224738889aa5cec69b3704','删除项目',3,3,3,'','','DELETE','delete/inputProject',1,4543893086396219392,'2020-10-12 16:24:55',4543893086396219392,'2020-10-12 16:24:55'),(4769732774741426181,4769732774741426177,'413823dbd0224738889aa5cec69b3704','提交审批',3,4,3,'','','POST','post/inputProject/submit',1,4543893086396219392,'2020-10-12 16:24:55',4543893086396219392,'2020-10-12 16:24:55'),(4769732774741426182,4769732774741426176,'413823dbd0224738889aa5cec69b3704','项目审批',2,2,2,'/business/project-audit-list','','','systemManage',1,4543893086396219392,'2020-10-12 16:24:55',4543893086396219392,'2020-10-12 16:24:55'),(4769732774741426183,4769732774741426182,'413823dbd0224738889aa5cec69b3704','查看审批中详情',3,1,3,'','','GET','get//inputProject/approving/user',1,4543893086396219392,'2020-10-12 16:24:55',4543893086396219392,'2020-10-12 16:24:55'),(4769732774741426184,4769732774741426182,'413823dbd0224738889aa5cec69b3704','项目审批',3,2,3,'','','PATCH','patch/inputProject/approve',1,4543893086396219392,'2020-10-12 16:24:55',4543893086396219392,'2020-10-12 16:24:55'),(4769732774741426185,4769732774741426182,'413823dbd0224738889aa5cec69b3704','查看已审批详情',3,3,3,'','','GET','get/inputProject/complete/user',1,4543893086396219392,'2020-10-12 16:24:55',4543893086396219392,'2020-10-12 16:24:55'),(4769732774741426186,4769732774741426182,'413823dbd0224738889aa5cec69b3704','导出excel',3,4,3,'','','GET','get/inputProject/excel',1,4543893086396219392,'2020-10-12 16:24:55',4543893086396219392,'2020-10-12 16:24:55'),(4863850042366115840,NULL,'413823dbd0224738889aa5cec69b3704','测试管理',1,8,1,NULL,NULL,'POST',NULL,1,4543893086396219392,'2020-11-13 09:17:47',4543893086396219392,'2020-11-16 15:16:00'),(4863900963498377216,4863850042366115840,'413823dbd0224738889aa5cec69b3704','测试1-2',2,1,2,'sss',NULL,'POST',NULL,1,4543893086396219392,'2020-11-13 09:42:30',4543893086396219392,'2020-11-16 15:16:45'),(4863902200448958464,4863850042366115840,'413823dbd0224738889aa5cec69b3704','测试管理2',1,2,2,NULL,NULL,'POST',NULL,1,4543893086396219392,'2020-11-13 09:43:06',4543893086396219392,'2020-11-13 09:43:28'),(4864721027374006272,4872877445147017216,'413823dbd0224738889aa5cec69b3704','ttta',2,1,2,NULL,NULL,'GET',NULL,1,4543893086396219392,'2020-11-13 16:20:17',4543893086396219392,'2020-11-16 15:31:45'),(4864810156535332864,4863850042366115840,'413823dbd0224738889aa5cec69b3704','测试管理3',2,3,2,NULL,NULL,'PUT',NULL,1,4543893086396219392,'2020-11-13 17:03:31',4543893086396219392,'2020-11-13 17:03:31'),(4864811496565129216,4863850042366115840,'413823dbd0224738889aa5cec69b3704','测试管理4',3,4,2,NULL,NULL,'POST',NULL,1,4543893086396219392,'2020-11-13 17:04:10',4543893086396219392,'2020-11-16 09:43:36'),(4872804843019845632,4863850042366115840,'413823dbd0224738889aa5cec69b3704','测试管理5',2,5,2,NULL,NULL,'PUT',NULL,1,4543893086396219392,'2020-11-16 09:41:26',4543893086396219392,'2020-11-16 09:42:29'),(4872877445147017216,NULL,'413823dbd0224738889aa5cec69b3704','test',1,7,1,NULL,NULL,'POST',NULL,1,4543893086396219392,'2020-11-16 10:16:39',4543893086396219392,'2020-11-16 15:15:47'),(4872894521936986112,4872877445147017216,'413823dbd0224738889aa5cec69b3704','test1-1',2,2,2,NULL,NULL,'PUT',NULL,1,4543893086396219392,'2020-11-16 10:24:57',4543893086396219392,'2020-11-16 15:32:47'),(4873498772295925760,4863902200448958464,'413823dbd0224738889aa5cec69b3704','康复科',3,1,3,NULL,NULL,'GET',NULL,1,4543893086396219392,'2020-11-16 15:18:02',4543893086396219392,'2020-11-16 15:32:22');

UNLOCK TABLES;

/*Table structure for table `sys_role` */

CREATE TABLE `sys_role` (
  `id` bigint(20) NOT NULL COMMENT '主键',
  `name` varchar(128) DEFAULT NULL COMMENT '名称',
  `status` int(1) DEFAULT '1' COMMENT '状态 0-禁用，1-启用',
  `creator` bigint(20) DEFAULT NULL COMMENT '创建人',
  `create_time` datetime DEFAULT NULL COMMENT '创建时间',
  `modifier` bigint(20) NOT NULL COMMENT '修改人（id）',
  `update_time` datetime DEFAULT NULL COMMENT '更新时间',
  PRIMARY KEY (`id`)
) ENGINE=InnoDB DEFAULT CHARSET=utf8 COMMENT='系统角色信息 ';

/*Data for the table `sys_role` */

LOCK TABLES `sys_role` WRITE;

insert  into `sys_role`(`id`,`name`,`status`,`creator`,`create_time`,`modifier`,`update_time`) values (4562286404100440064,'超级管理员',1,4543893086396219392,'2020-08-03 19:20:11',4543893086396219392,'2020-08-04 16:15:00'),(4564070877112582144,'业务管理员',1,4543893086396219392,'2020-08-04 09:45:45',4543893086396219392,'2020-08-04 11:11:41'),(4564096956154003456,'1',-1,4543893086396219392,'2020-08-04 09:58:24',4543893086396219392,'2020-08-04 11:23:44'),(4564099636213596160,'业务经理',1,4543893086396219392,'2020-08-04 09:59:43',4543893086396219392,'2020-08-04 09:59:43'),(4564101319840776192,'业务管理甲',1,4543893086396219392,'2020-08-04 10:00:32',4543893086396219392,'2020-08-13 14:29:39'),(4564102316273188864,'业务管理乙',1,4543893086396219392,'2020-08-04 10:01:01',4543893086396219392,'2020-08-13 14:29:52'),(4564102659870572544,'44444',1,4543893086396219392,'2020-08-04 10:01:11',4543893086396219392,'2020-08-04 10:01:11'),(4564102831669264384,'55555',0,4543893086396219392,'2020-08-04 10:01:16',4543893086396219392,'2020-08-04 10:01:16'),(4564103312705601536,'66666',1,4543893086396219392,'2020-08-04 10:01:29',4543893086396219392,'2020-08-04 10:01:29'),(4564103484504293376,'77777',1,4543893086396219392,'2020-08-04 10:01:34',4543893086396219392,'2020-08-04 10:01:34'),(4564103656302985216,'88888',1,4543893086396219392,'2020-08-04 10:01:40',4543893086396219392,'2020-08-04 10:01:40'),(4564103828101677056,'9999',1,4543893086396219392,'2020-08-04 10:01:45',4543893086396219392,'2020-08-04 10:01:45'),(4564104206058799104,'101010',1,4543893086396219392,'2020-08-04 10:01:55',4543893086396219392,'2020-08-05 09:28:11'),(4564104412217229312,'111111',-1,4543893086396219392,'2020-08-04 10:02:01',4543893086396219392,'2020-08-04 15:56:30'),(4564220994809511936,'系统111',-1,4543893086396219392,'2020-08-04 10:58:34',4543893086396219392,'2020-08-04 11:17:17'),(4567019423700893696,'123456',0,4543893086396219392,'2020-08-05 09:36:00',4543893086396219392,'2020-08-05 09:36:36'),(4567025264856416256,'圆通2',1,4543893086396219392,'2020-08-05 09:38:50',4543893086396219392,'2020-08-05 09:39:36'),(4575891451744894976,'test',1,4543893086396219392,'2020-08-08 09:19:29',4543893086396219392,'2020-08-08 09:19:43'),(4575893272811028480,'系统管理员',-1,4543893086396219392,'2020-08-08 09:20:22',4543893086396219392,'2020-08-08 09:25:05'),(4575930381328465920,'超级管理员2',1,4543893086396219392,'2020-08-08 09:38:23',4575910727558119424,'2020-08-08 09:38:34'),(4575934126539948032,'停用系统管理',0,4575910727558119424,'2020-08-08 09:40:11',4543893086396219392,'2020-08-08 10:01:33'),(4576531401871998976,'游客',1,4543893086396219392,'2020-08-08 14:29:55',4543893086396219392,'2020-08-08 14:29:55'),(4576883864068177920,'esse',1,4543893086396219392,'2020-08-08 17:20:53',4543893086396219392,'2020-08-08 17:20:53'),(4576885753853788160,'esse1',1,4543893086396219392,'2020-08-08 17:21:47',4543893086396219392,'2020-08-08 17:21:47'),(4576886028731695104,'ess1',1,4543893086396219392,'2020-08-08 17:21:55',4543893086396219392,'2020-08-08 17:21:55'),(4576886200530386944,'ess4',1,4543893086396219392,'2020-08-08 17:22:01',4543893086396219392,'2020-08-08 17:22:01'),(4576886406688817152,'es4',1,4543893086396219392,'2020-08-08 17:22:07',4543893086396219392,'2020-08-08 17:22:07'),(4576892557081985024,'es5',1,4543893086396219392,'2020-08-08 17:25:06',4543893086396219392,'2020-08-08 17:25:06'),(4576893484794920960,'es7',1,4543893086396219392,'2020-08-08 17:25:32',4543893086396219392,'2020-08-08 17:25:32'),(4576896474092158976,'es8',1,4543893086396219392,'2020-08-08 17:26:59',4543893086396219392,'2020-08-08 17:26:59'),(4576948391656833024,'Duis E',1,4543893086396219392,'2020-08-08 17:52:10',4543893086396219392,'2020-08-08 17:52:10'),(4576952755343605760,'Duis 1E',1,4543893086396219392,'2020-08-08 17:54:17',4543893086396219392,'2020-08-08 17:54:17'),(4576953442538373120,'Duis 1E4',1,4543893086396219392,'2020-08-08 17:54:38',4543893086396219392,'2020-08-08 17:54:38'),(4576954335891570688,'Duis 1E8',1,4543893086396219392,'2020-08-08 17:55:03',4543893086396219392,'2020-08-08 17:55:03'),(4581772052247101440,'Duis 1E9',1,4543893086396219392,'2020-08-10 08:51:58',4543893086396219392,'2020-08-10 08:51:58'),(4581821839507996672,'Duis 1E10',1,4543893086396219392,'2020-08-10 09:16:06',4543893086396219392,'2020-08-10 09:16:06'),(4581825859597385728,'Duis 1E11',1,4543893086396219392,'2020-08-10 09:18:04',4543893086396219392,'2020-08-10 09:18:04'),(4581827921181687808,'系统管理全部权限',0,4543893086396219392,'2020-08-10 09:19:03',4575910727558119424,'2020-08-10 11:00:23'),(4581828505297240064,'部门及用户权限',1,4543893086396219392,'2020-08-10 09:19:20',4575910727558119424,'2020-08-10 16:17:16'),(4581829226851745792,'角色与权限',1,4543893086396219392,'2020-08-10 09:19:42',4543893086396219392,'2020-08-10 09:19:42'),(4581829604808867840,'外部平台权限',1,4543893086396219392,'2020-08-10 09:19:52',4543893086396219392,'2020-08-10 09:19:52'),(4581829845327036416,'日志权限',1,4543893086396219392,'2020-08-10 09:20:00',4543893086396219392,'2020-08-10 09:20:00'),(4581831288436047872,'test全',1,4543893086396219392,'2020-08-10 09:20:41',4543893086396219392,'2020-08-10 09:20:41'),(4581848571384446976,'Duis 1E12',1,4543893086396219392,'2020-08-10 09:29:04',4543893086396219392,'2020-08-10 09:29:04'),(4581851217084301312,'Duis 1E13',1,4543893086396219392,'2020-08-10 09:30:21',4543893086396219392,'2020-08-10 09:30:21'),(4581852488394620928,'Duis 1E14',0,4543893086396219392,'2020-08-10 09:30:58',4575910727558119424,'2020-08-10 09:38:44'),(4581912549217288192,'Duis 1E15',1,4543893086396219392,'2020-08-10 10:00:07',4543893086396219392,'2020-08-10 10:00:07'),(4581913992326299648,'Duis 1E16',1,4543893086396219392,'2020-08-10 10:00:49',4543893086396219392,'2020-08-10 10:00:49'),(4581918665250717696,'amet',1,4543893086396219392,'2020-08-10 10:03:04',4543893086396219392,'2020-08-10 10:03:04'),(4581927255185309696,'tempor dolore',1,4543893086396219392,'2020-08-10 10:07:14',4543893086396219392,'2020-08-10 10:07:14'),(4581932821462925312,'tempor',1,4543893086396219392,'2020-08-10 10:09:57',4543893086396219392,'2020-08-10 10:09:57'),(4581935123565395968,'tempor1',1,4543893086396219392,'2020-08-10 10:11:03',4543893086396219392,'2020-08-10 10:11:03'),(4581957045078474752,'tempor2',1,4543893086396219392,'2020-08-10 10:21:41',4543893086396219392,'2020-08-10 10:21:41'),(4581959347180945408,'tempor3',1,4543893086396219392,'2020-08-10 10:22:49',4543893086396219392,'2020-08-10 10:22:49'),(4585675043647799296,'审核人',1,4575910006003613696,'2020-08-11 16:25:10',4543893086396219392,'2020-08-11 16:54:23'),(4588120975983263744,'测试角色',1,4543893086396219392,'2020-08-12 12:11:35',4543893086396219392,'2020-08-12 12:11:35'),(4588428117684535296,'测试1',-1,4543893086396219392,'2020-08-12 14:40:34',4543893086396219392,'2020-08-12 14:43:38'),(4588438116368400384,'演示',1,4543893086396219392,'2020-08-12 14:45:26',4543893086396219392,'2020-08-12 14:45:26'),(4603468371600621568,'veniam occaecat',1,4543893086396219392,'2020-08-17 16:16:04',4543893086396219392,'2020-08-17 16:16:04'),(4603506132953088000,'veniam occae',1,4543893086396219392,'2020-08-17 16:34:22',4543893086396219392,'2020-08-17 16:34:22'),(4603507988378959872,'veniam o1ccae',1,4543893086396219392,'2020-08-17 16:35:16',4543893086396219392,'2020-08-17 16:35:16');

UNLOCK TABLES;

/*Table structure for table `sys_role_permission` */

CREATE TABLE `sys_role_permission` (
  `id` bigint(20) NOT NULL AUTO_INCREMENT COMMENT '主键id',
  `role_id` bigint(20) NOT NULL COMMENT '角色id',
  `permission_id` bigint(20) NOT NULL COMMENT '权限id',
  `system` varchar(64) DEFAULT NULL,
  `half_checked` tinyint(1) DEFAULT NULL,
  `creator` bigint(20) NOT NULL COMMENT '创建人',
  `create_time` datetime NOT NULL COMMENT '创建时间',
  `modifier` bigint(20) NOT NULL COMMENT '修改人（id）',
  `update_time` datetime NOT NULL COMMENT '更新时间',
  PRIMARY KEY (`id`) USING BTREE
) ENGINE=InnoDB AUTO_INCREMENT=2655 DEFAULT CHARSET=utf8 ROW_FORMAT=DYNAMIC COMMENT='角色权限关联表';

/*Data for the table `sys_role_permission` */

LOCK TABLES `sys_role_permission` WRITE;

insert  into `sys_role_permission`(`id`,`role_id`,`permission_id`,`system`,`half_checked`,`creator`,`create_time`,`modifier`,`update_time`) values (49,4567025264856416256,4570963337549987842,'413823dbd0224738889aa5cec69b3704',1,4543893086396219392,'2020-08-07 10:39:01',4543893086396219392,'2020-08-07 10:39:01'),(50,4567025264856416256,4570963337549987843,'413823dbd0224738889aa5cec69b3704',0,4543893086396219392,'2020-08-07 10:39:01',4543893086396219392,'2020-08-07 10:39:01'),(443,4575893272811028480,4570963337549987840,'413823dbd0224738889aa5cec69b3704',0,4543893086396219392,'2020-08-08 09:21:23',4543893086396219392,'2020-08-08 09:21:23'),(444,4575893272811028480,4570963337549987841,'413823dbd0224738889aa5cec69b3704',0,4543893086396219392,'2020-08-08 09:21:23',4543893086396219392,'2020-08-08 09:21:23'),(445,4575893272811028480,4570963337549987842,'413823dbd0224738889aa5cec69b3704',0,4543893086396219392,'2020-08-08 09:21:23',4543893086396219392,'2020-08-08 09:21:23'),(446,4575893272811028480,4570963337549987843,'413823dbd0224738889aa5cec69b3704',0,4543893086396219392,'2020-08-08 09:21:23',4543893086396219392,'2020-08-08 09:21:23'),(447,4575893272811028480,4570963337549987844,'413823dbd0224738889aa5cec69b3704',0,4543893086396219392,'2020-08-08 09:21:23',4543893086396219392,'2020-08-08 09:21:23'),(448,4575893272811028480,4570963337549987845,'413823dbd0224738889aa5cec69b3704',0,4543893086396219392,'2020-08-08 09:21:23',4543893086396219392,'2020-08-08 09:21:23'),(449,4575893272811028480,4570963337549987846,'413823dbd0224738889aa5cec69b3704',0,4543893086396219392,'2020-08-08 09:21:23',4543893086396219392,'2020-08-08 09:21:23'),(450,4575893272811028480,4570963337549987847,'413823dbd0224738889aa5cec69b3704',0,4543893086396219392,'2020-08-08 09:21:23',4543893086396219392,'2020-08-08 09:21:23'),(451,4575893272811028480,4570963337549987848,'413823dbd0224738889aa5cec69b3704',0,4543893086396219392,'2020-08-08 09:21:23',4543893086396219392,'2020-08-08 09:21:23'),(452,4575893272811028480,4570963337549987849,'413823dbd0224738889aa5cec69b3704',0,4543893086396219392,'2020-08-08 09:21:23',4543893086396219392,'2020-08-08 09:21:23'),(453,4575893272811028480,4570963337549987850,'413823dbd0224738889aa5cec69b3704',0,4543893086396219392,'2020-08-08 09:21:23',4543893086396219392,'2020-08-08 09:21:23'),(454,4575893272811028480,4570963337549987851,'413823dbd0224738889aa5cec69b3704',0,4543893086396219392,'2020-08-08 09:21:23',4543893086396219392,'2020-08-08 09:21:23'),(455,4575893272811028480,4570963337549987852,'413823dbd0224738889aa5cec69b3704',0,4543893086396219392,'2020-08-08 09:21:23',4543893086396219392,'2020-08-08 09:21:23'),(456,4575893272811028480,4570963337549987853,'413823dbd0224738889aa5cec69b3704',0,4543893086396219392,'2020-08-08 09:21:23',4543893086396219392,'2020-08-08 09:21:23'),(457,4575893272811028480,4570963337549987854,'413823dbd0224738889aa5cec69b3704',0,4543893086396219392,'2020-08-08 09:21:23',4543893086396219392,'2020-08-08 09:21:23'),(458,4575893272811028480,4570963337549987855,'413823dbd0224738889aa5cec69b3704',0,4543893086396219392,'2020-08-08 09:21:23',4543893086396219392,'2020-08-08 09:21:23'),(459,4575893272811028480,4570963337549987856,'413823dbd0224738889aa5cec69b3704',0,4543893086396219392,'2020-08-08 09:21:23',4543893086396219392,'2020-08-08 09:21:23'),(460,4575893272811028480,4570963337549987857,'413823dbd0224738889aa5cec69b3704',0,4543893086396219392,'2020-08-08 09:21:23',4543893086396219392,'2020-08-08 09:21:23'),(461,4575893272811028480,4570963337549987858,'413823dbd0224738889aa5cec69b3704',0,4543893086396219392,'2020-08-08 09:21:23',4543893086396219392,'2020-08-08 09:21:23'),(462,4575893272811028480,4570963337549987859,'413823dbd0224738889aa5cec69b3704',0,4543893086396219392,'2020-08-08 09:21:23',4543893086396219392,'2020-08-08 09:21:23'),(463,4575893272811028480,4570963337549987860,'413823dbd0224738889aa5cec69b3704',0,4543893086396219392,'2020-08-08 09:21:23',4543893086396219392,'2020-08-08 09:21:23'),(464,4575893272811028480,4570963337549987861,'413823dbd0224738889aa5cec69b3704',0,4543893086396219392,'2020-08-08 09:21:23',4543893086396219392,'2020-08-08 09:21:23'),(465,4575893272811028480,4570963337549987862,'413823dbd0224738889aa5cec69b3704',0,4543893086396219392,'2020-08-08 09:21:23',4543893086396219392,'2020-08-08 09:21:23'),(466,4575893272811028480,4570963337549987863,'413823dbd0224738889aa5cec69b3704',0,4543893086396219392,'2020-08-08 09:21:23',4543893086396219392,'2020-08-08 09:21:23'),(467,4575893272811028480,4570963337549987864,'413823dbd0224738889aa5cec69b3704',0,4543893086396219392,'2020-08-08 09:21:23',4543893086396219392,'2020-08-08 09:21:23'),(468,4575893272811028480,4570963337549987865,'413823dbd0224738889aa5cec69b3704',0,4543893086396219392,'2020-08-08 09:21:23',4543893086396219392,'2020-08-08 09:21:23'),(469,4575893272811028480,4570963337549987866,'413823dbd0224738889aa5cec69b3704',0,4543893086396219392,'2020-08-08 09:21:23',4543893086396219392,'2020-08-08 09:21:23'),(578,4575934126539948032,4570963337549987842,'413823dbd0224738889aa5cec69b3704',0,4543893086396219392,'2020-08-08 10:01:07',4543893086396219392,'2020-08-08 10:01:07'),(579,4575934126539948032,4570963337549987843,'413823dbd0224738889aa5cec69b3704',0,4543893086396219392,'2020-08-08 10:01:07',4543893086396219392,'2020-08-08 10:01:07'),(580,4575934126539948032,4570963337549987844,'413823dbd0224738889aa5cec69b3704',0,4543893086396219392,'2020-08-08 10:01:07',4543893086396219392,'2020-08-08 10:01:07'),(581,4575934126539948032,4570963337549987845,'413823dbd0224738889aa5cec69b3704',0,4543893086396219392,'2020-08-08 10:01:07',4543893086396219392,'2020-08-08 10:01:07'),(582,4575934126539948032,4570963337549987846,'413823dbd0224738889aa5cec69b3704',0,4543893086396219392,'2020-08-08 10:01:07',4543893086396219392,'2020-08-08 10:01:07'),(583,4575934126539948032,4570963337549987847,'413823dbd0224738889aa5cec69b3704',0,4543893086396219392,'2020-08-08 10:01:07',4543893086396219392,'2020-08-08 10:01:07'),(584,4575934126539948032,4570963337549987848,'413823dbd0224738889aa5cec69b3704',0,4543893086396219392,'2020-08-08 10:01:07',4543893086396219392,'2020-08-08 10:01:07'),(585,4575934126539948032,4570963337549987849,'413823dbd0224738889aa5cec69b3704',0,4543893086396219392,'2020-08-08 10:01:07',4543893086396219392,'2020-08-08 10:01:07'),(586,4575934126539948032,4570963337549987850,'413823dbd0224738889aa5cec69b3704',0,4543893086396219392,'2020-08-08 10:01:07',4543893086396219392,'2020-08-08 10:01:07'),(587,4575934126539948032,4570963337549987851,'413823dbd0224738889aa5cec69b3704',0,4543893086396219392,'2020-08-08 10:01:07',4543893086396219392,'2020-08-08 10:01:07'),(588,4575934126539948032,4570963337549987852,'413823dbd0224738889aa5cec69b3704',0,4543893086396219392,'2020-08-08 10:01:07',4543893086396219392,'2020-08-08 10:01:07'),(589,4575934126539948032,4570963337549987853,'413823dbd0224738889aa5cec69b3704',0,4543893086396219392,'2020-08-08 10:01:07',4543893086396219392,'2020-08-08 10:01:07'),(590,4575934126539948032,4570963337549987854,'413823dbd0224738889aa5cec69b3704',0,4543893086396219392,'2020-08-08 10:01:07',4543893086396219392,'2020-08-08 10:01:07'),(591,4575934126539948032,4570963337549987855,'413823dbd0224738889aa5cec69b3704',0,4543893086396219392,'2020-08-08 10:01:07',4543893086396219392,'2020-08-08 10:01:07'),(592,4575934126539948032,4570963337549987856,'413823dbd0224738889aa5cec69b3704',0,4543893086396219392,'2020-08-08 10:01:07',4543893086396219392,'2020-08-08 10:01:07'),(593,4575934126539948032,4570963337549987857,'413823dbd0224738889aa5cec69b3704',0,4543893086396219392,'2020-08-08 10:01:07',4543893086396219392,'2020-08-08 10:01:07'),(594,4575934126539948032,4570963337549987858,'413823dbd0224738889aa5cec69b3704',0,4543893086396219392,'2020-08-08 10:01:07',4543893086396219392,'2020-08-08 10:01:07'),(595,4575934126539948032,4570963337549987859,'413823dbd0224738889aa5cec69b3704',0,4543893086396219392,'2020-08-08 10:01:07',4543893086396219392,'2020-08-08 10:01:07'),(596,4575934126539948032,4570963337549987860,'413823dbd0224738889aa5cec69b3704',0,4543893086396219392,'2020-08-08 10:01:07',4543893086396219392,'2020-08-08 10:01:07'),(597,4575934126539948032,4570963337549987861,'413823dbd0224738889aa5cec69b3704',0,4543893086396219392,'2020-08-08 10:01:07',4543893086396219392,'2020-08-08 10:01:07'),(598,4575934126539948032,4570963337549987862,'413823dbd0224738889aa5cec69b3704',0,4543893086396219392,'2020-08-08 10:01:07',4543893086396219392,'2020-08-08 10:01:07'),(599,4575934126539948032,4570963337549987863,'413823dbd0224738889aa5cec69b3704',0,4543893086396219392,'2020-08-08 10:01:07',4543893086396219392,'2020-08-08 10:01:07'),(600,4575934126539948032,4570963337549987864,'413823dbd0224738889aa5cec69b3704',0,4543893086396219392,'2020-08-08 10:01:07',4543893086396219392,'2020-08-08 10:01:07'),(601,4575934126539948032,4570963337549987865,'413823dbd0224738889aa5cec69b3704',0,4543893086396219392,'2020-08-08 10:01:07',4543893086396219392,'2020-08-08 10:01:07'),(602,4575934126539948032,4570963337549987866,'413823dbd0224738889aa5cec69b3704',0,4543893086396219392,'2020-08-08 10:01:07',4543893086396219392,'2020-08-08 10:01:07'),(603,4564104206058799104,4570963337549987842,'413823dbd0224738889aa5cec69b3704',0,4575910727558119424,'2020-08-08 11:16:21',4575910727558119424,'2020-08-08 11:16:21'),(604,4564104206058799104,4570963337549987843,'413823dbd0224738889aa5cec69b3704',0,4575910727558119424,'2020-08-08 11:16:21',4575910727558119424,'2020-08-08 11:16:21'),(605,4564104206058799104,4570963337549987844,'413823dbd0224738889aa5cec69b3704',0,4575910727558119424,'2020-08-08 11:16:21',4575910727558119424,'2020-08-08 11:16:21'),(606,4564104206058799104,4570963337549987845,'413823dbd0224738889aa5cec69b3704',0,4575910727558119424,'2020-08-08 11:16:21',4575910727558119424,'2020-08-08 11:16:21'),(607,4564104206058799104,4570963337549987846,'413823dbd0224738889aa5cec69b3704',0,4575910727558119424,'2020-08-08 11:16:21',4575910727558119424,'2020-08-08 11:16:21'),(608,4564104206058799104,4570963337549987847,'413823dbd0224738889aa5cec69b3704',0,4575910727558119424,'2020-08-08 11:16:21',4575910727558119424,'2020-08-08 11:16:21'),(609,4564104206058799104,4570963337549987848,'413823dbd0224738889aa5cec69b3704',0,4575910727558119424,'2020-08-08 11:16:21',4575910727558119424,'2020-08-08 11:16:21'),(610,4564104206058799104,4570963337549987849,'413823dbd0224738889aa5cec69b3704',0,4575910727558119424,'2020-08-08 11:16:21',4575910727558119424,'2020-08-08 11:16:21'),(611,4564104206058799104,4570963337549987850,'413823dbd0224738889aa5cec69b3704',0,4575910727558119424,'2020-08-08 11:16:21',4575910727558119424,'2020-08-08 11:16:21'),(612,4564104206058799104,4570963337549987851,'413823dbd0224738889aa5cec69b3704',0,4575910727558119424,'2020-08-08 11:16:21',4575910727558119424,'2020-08-08 11:16:21'),(613,4564104206058799104,4570963337549987852,'413823dbd0224738889aa5cec69b3704',0,4575910727558119424,'2020-08-08 11:16:21',4575910727558119424,'2020-08-08 11:16:21'),(614,4564104206058799104,4570963337549987853,'413823dbd0224738889aa5cec69b3704',0,4575910727558119424,'2020-08-08 11:16:21',4575910727558119424,'2020-08-08 11:16:21'),(615,4564104206058799104,4570963337549987854,'413823dbd0224738889aa5cec69b3704',0,4575910727558119424,'2020-08-08 11:16:21',4575910727558119424,'2020-08-08 11:16:21'),(616,4564104206058799104,4570963337549987855,'413823dbd0224738889aa5cec69b3704',0,4575910727558119424,'2020-08-08 11:16:21',4575910727558119424,'2020-08-08 11:16:21'),(617,4564104206058799104,4570963337549987856,'413823dbd0224738889aa5cec69b3704',0,4575910727558119424,'2020-08-08 11:16:21',4575910727558119424,'2020-08-08 11:16:21'),(618,4564104206058799104,4570963337549987857,'413823dbd0224738889aa5cec69b3704',0,4575910727558119424,'2020-08-08 11:16:21',4575910727558119424,'2020-08-08 11:16:21'),(619,4564104206058799104,4570963337549987858,'413823dbd0224738889aa5cec69b3704',0,4575910727558119424,'2020-08-08 11:16:21',4575910727558119424,'2020-08-08 11:16:21'),(620,4564104206058799104,4570963337549987859,'413823dbd0224738889aa5cec69b3704',0,4575910727558119424,'2020-08-08 11:16:21',4575910727558119424,'2020-08-08 11:16:21'),(621,4564104206058799104,4570963337549987860,'413823dbd0224738889aa5cec69b3704',0,4575910727558119424,'2020-08-08 11:16:21',4575910727558119424,'2020-08-08 11:16:21'),(622,4564104206058799104,4570963337549987861,'413823dbd0224738889aa5cec69b3704',0,4575910727558119424,'2020-08-08 11:16:21',4575910727558119424,'2020-08-08 11:16:21'),(623,4564104206058799104,4570963337549987862,'413823dbd0224738889aa5cec69b3704',0,4575910727558119424,'2020-08-08 11:16:21',4575910727558119424,'2020-08-08 11:16:21'),(624,4564104206058799104,4570963337549987863,'413823dbd0224738889aa5cec69b3704',0,4575910727558119424,'2020-08-08 11:16:21',4575910727558119424,'2020-08-08 11:16:21'),(625,4564104206058799104,4570963337549987864,'413823dbd0224738889aa5cec69b3704',0,4575910727558119424,'2020-08-08 11:16:21',4575910727558119424,'2020-08-08 11:16:21'),(626,4564104206058799104,4570963337549987865,'413823dbd0224738889aa5cec69b3704',0,4575910727558119424,'2020-08-08 11:16:21',4575910727558119424,'2020-08-08 11:16:21'),(627,4564104206058799104,4570963337549987866,'413823dbd0224738889aa5cec69b3704',0,4575910727558119424,'2020-08-08 11:16:21',4575910727558119424,'2020-08-08 11:16:21'),(651,4575891451744894976,4570963337549987840,'413823dbd0224738889aa5cec69b3704',0,4543893086396219392,'2020-08-08 11:41:06',4543893086396219392,'2020-08-08 11:41:06'),(652,4575891451744894976,4570963337549987841,'413823dbd0224738889aa5cec69b3704',0,4543893086396219392,'2020-08-08 11:41:06',4543893086396219392,'2020-08-08 11:41:06'),(653,4575891451744894976,4570963337549987842,'413823dbd0224738889aa5cec69b3704',0,4543893086396219392,'2020-08-08 11:41:06',4543893086396219392,'2020-08-08 11:41:06'),(654,4575891451744894976,4570963337549987843,'413823dbd0224738889aa5cec69b3704',0,4543893086396219392,'2020-08-08 11:41:06',4543893086396219392,'2020-08-08 11:41:06'),(655,4575891451744894976,4570963337549987844,'413823dbd0224738889aa5cec69b3704',0,4543893086396219392,'2020-08-08 11:41:06',4543893086396219392,'2020-08-08 11:41:06'),(656,4575891451744894976,4570963337549987845,'413823dbd0224738889aa5cec69b3704',0,4543893086396219392,'2020-08-08 11:41:06',4543893086396219392,'2020-08-08 11:41:06'),(657,4575891451744894976,4570963337549987846,'413823dbd0224738889aa5cec69b3704',0,4543893086396219392,'2020-08-08 11:41:06',4543893086396219392,'2020-08-08 11:41:06'),(658,4575891451744894976,4570963337549987847,'413823dbd0224738889aa5cec69b3704',0,4543893086396219392,'2020-08-08 11:41:06',4543893086396219392,'2020-08-08 11:41:06'),(659,4575891451744894976,4570963337549987848,'413823dbd0224738889aa5cec69b3704',0,4543893086396219392,'2020-08-08 11:41:06',4543893086396219392,'2020-08-08 11:41:06'),(660,4575891451744894976,4570963337549987849,'413823dbd0224738889aa5cec69b3704',0,4543893086396219392,'2020-08-08 11:41:06',4543893086396219392,'2020-08-08 11:41:06'),(661,4575891451744894976,4570963337549987850,'413823dbd0224738889aa5cec69b3704',0,4543893086396219392,'2020-08-08 11:41:06',4543893086396219392,'2020-08-08 11:41:06'),(662,4575891451744894976,4570963337549987851,'413823dbd0224738889aa5cec69b3704',0,4543893086396219392,'2020-08-08 11:41:06',4543893086396219392,'2020-08-08 11:41:06'),(663,4575891451744894976,4570963337549987852,'413823dbd0224738889aa5cec69b3704',0,4543893086396219392,'2020-08-08 11:41:06',4543893086396219392,'2020-08-08 11:41:06'),(664,4575891451744894976,4570963337549987853,'413823dbd0224738889aa5cec69b3704',0,4543893086396219392,'2020-08-08 11:41:06',4543893086396219392,'2020-08-08 11:41:06'),(665,4575891451744894976,4570963337549987854,'413823dbd0224738889aa5cec69b3704',0,4543893086396219392,'2020-08-08 11:41:06',4543893086396219392,'2020-08-08 11:41:06'),(666,4575891451744894976,4570963337549987855,'413823dbd0224738889aa5cec69b3704',0,4543893086396219392,'2020-08-08 11:41:06',4543893086396219392,'2020-08-08 11:41:06'),(667,4575891451744894976,4570963337549987856,'413823dbd0224738889aa5cec69b3704',0,4543893086396219392,'2020-08-08 11:41:06',4543893086396219392,'2020-08-08 11:41:06'),(668,4575891451744894976,4570963337549987857,'413823dbd0224738889aa5cec69b3704',0,4543893086396219392,'2020-08-08 11:41:06',4543893086396219392,'2020-08-08 11:41:06'),(669,4575891451744894976,4570963337549987858,'413823dbd0224738889aa5cec69b3704',0,4543893086396219392,'2020-08-08 11:41:06',4543893086396219392,'2020-08-08 11:41:06'),(670,4575891451744894976,4570963337549987859,'413823dbd0224738889aa5cec69b3704',0,4543893086396219392,'2020-08-08 11:41:06',4543893086396219392,'2020-08-08 11:41:06'),(671,4575891451744894976,4570963337549987860,'413823dbd0224738889aa5cec69b3704',0,4543893086396219392,'2020-08-08 11:41:06',4543893086396219392,'2020-08-08 11:41:06'),(672,4575891451744894976,4570963337549987861,'413823dbd0224738889aa5cec69b3704',0,4543893086396219392,'2020-08-08 11:41:06',4543893086396219392,'2020-08-08 11:41:06'),(673,4575891451744894976,4570963337549987862,'413823dbd0224738889aa5cec69b3704',0,4543893086396219392,'2020-08-08 11:41:06',4543893086396219392,'2020-08-08 11:41:06'),(674,4575891451744894976,4570963337549987863,'413823dbd0224738889aa5cec69b3704',0,4543893086396219392,'2020-08-08 11:41:06',4543893086396219392,'2020-08-08 11:41:06'),(675,4575891451744894976,4570963337549987864,'413823dbd0224738889aa5cec69b3704',0,4543893086396219392,'2020-08-08 11:41:06',4543893086396219392,'2020-08-08 11:41:06'),(676,4575891451744894976,4570963337549987865,'413823dbd0224738889aa5cec69b3704',0,4543893086396219392,'2020-08-08 11:41:06',4543893086396219392,'2020-08-08 11:41:06'),(677,4575891451744894976,4570963337549987866,'413823dbd0224738889aa5cec69b3704',0,4543893086396219392,'2020-08-08 11:41:06',4543893086396219392,'2020-08-08 11:41:06'),(678,4581827921181687808,4570963337549987842,'413823dbd0224738889aa5cec69b3704',0,4543893086396219392,'2020-08-10 09:21:09',4543893086396219392,'2020-08-10 09:21:09'),(679,4581827921181687808,4570963337549987843,'413823dbd0224738889aa5cec69b3704',0,4543893086396219392,'2020-08-10 09:21:09',4543893086396219392,'2020-08-10 09:21:09'),(680,4581827921181687808,4570963337549987844,'413823dbd0224738889aa5cec69b3704',0,4543893086396219392,'2020-08-10 09:21:09',4543893086396219392,'2020-08-10 09:21:09'),(681,4581827921181687808,4570963337549987845,'413823dbd0224738889aa5cec69b3704',0,4543893086396219392,'2020-08-10 09:21:09',4543893086396219392,'2020-08-10 09:21:09'),(682,4581827921181687808,4570963337549987846,'413823dbd0224738889aa5cec69b3704',0,4543893086396219392,'2020-08-10 09:21:09',4543893086396219392,'2020-08-10 09:21:09'),(683,4581827921181687808,4570963337549987847,'413823dbd0224738889aa5cec69b3704',0,4543893086396219392,'2020-08-10 09:21:09',4543893086396219392,'2020-08-10 09:21:09'),(684,4581827921181687808,4570963337549987848,'413823dbd0224738889aa5cec69b3704',0,4543893086396219392,'2020-08-10 09:21:09',4543893086396219392,'2020-08-10 09:21:09'),(685,4581827921181687808,4570963337549987849,'413823dbd0224738889aa5cec69b3704',0,4543893086396219392,'2020-08-10 09:21:09',4543893086396219392,'2020-08-10 09:21:09'),(686,4581827921181687808,4570963337549987850,'413823dbd0224738889aa5cec69b3704',0,4543893086396219392,'2020-08-10 09:21:09',4543893086396219392,'2020-08-10 09:21:09'),(687,4581827921181687808,4570963337549987851,'413823dbd0224738889aa5cec69b3704',0,4543893086396219392,'2020-08-10 09:21:09',4543893086396219392,'2020-08-10 09:21:09'),(688,4581827921181687808,4570963337549987852,'413823dbd0224738889aa5cec69b3704',0,4543893086396219392,'2020-08-10 09:21:09',4543893086396219392,'2020-08-10 09:21:09'),(689,4581827921181687808,4570963337549987853,'413823dbd0224738889aa5cec69b3704',0,4543893086396219392,'2020-08-10 09:21:09',4543893086396219392,'2020-08-10 09:21:09'),(690,4581827921181687808,4570963337549987854,'413823dbd0224738889aa5cec69b3704',0,4543893086396219392,'2020-08-10 09:21:09',4543893086396219392,'2020-08-10 09:21:09'),(691,4581827921181687808,4570963337549987855,'413823dbd0224738889aa5cec69b3704',0,4543893086396219392,'2020-08-10 09:21:09',4543893086396219392,'2020-08-10 09:21:09'),(692,4581827921181687808,4570963337549987856,'413823dbd0224738889aa5cec69b3704',0,4543893086396219392,'2020-08-10 09:21:09',4543893086396219392,'2020-08-10 09:21:09'),(693,4581827921181687808,4570963337549987857,'413823dbd0224738889aa5cec69b3704',0,4543893086396219392,'2020-08-10 09:21:09',4543893086396219392,'2020-08-10 09:21:09'),(694,4581827921181687808,4570963337549987858,'413823dbd0224738889aa5cec69b3704',0,4543893086396219392,'2020-08-10 09:21:09',4543893086396219392,'2020-08-10 09:21:09'),(695,4581827921181687808,4570963337549987859,'413823dbd0224738889aa5cec69b3704',0,4543893086396219392,'2020-08-10 09:21:09',4543893086396219392,'2020-08-10 09:21:09'),(696,4581827921181687808,4570963337549987860,'413823dbd0224738889aa5cec69b3704',0,4543893086396219392,'2020-08-10 09:21:09',4543893086396219392,'2020-08-10 09:21:09'),(697,4581827921181687808,4570963337549987861,'413823dbd0224738889aa5cec69b3704',0,4543893086396219392,'2020-08-10 09:21:09',4543893086396219392,'2020-08-10 09:21:09'),(698,4581827921181687808,4570963337549987862,'413823dbd0224738889aa5cec69b3704',0,4543893086396219392,'2020-08-10 09:21:09',4543893086396219392,'2020-08-10 09:21:09'),(699,4581827921181687808,4570963337549987863,'413823dbd0224738889aa5cec69b3704',0,4543893086396219392,'2020-08-10 09:21:09',4543893086396219392,'2020-08-10 09:21:09'),(700,4581827921181687808,4570963337549987864,'413823dbd0224738889aa5cec69b3704',0,4543893086396219392,'2020-08-10 09:21:09',4543893086396219392,'2020-08-10 09:21:09'),(701,4581827921181687808,4570963337549987865,'413823dbd0224738889aa5cec69b3704',0,4543893086396219392,'2020-08-10 09:21:09',4543893086396219392,'2020-08-10 09:21:09'),(702,4581827921181687808,4570963337549987866,'413823dbd0224738889aa5cec69b3704',0,4543893086396219392,'2020-08-10 09:21:09',4543893086396219392,'2020-08-10 09:21:09'),(703,4581828505297240064,4570963337549987842,'413823dbd0224738889aa5cec69b3704',1,4543893086396219392,'2020-08-10 09:21:39',4543893086396219392,'2020-08-10 09:21:39'),(704,4581828505297240064,4570963337549987848,'413823dbd0224738889aa5cec69b3704',0,4543893086396219392,'2020-08-10 09:21:39',4543893086396219392,'2020-08-10 09:21:39'),(705,4581828505297240064,4570963337549987849,'413823dbd0224738889aa5cec69b3704',0,4543893086396219392,'2020-08-10 09:21:39',4543893086396219392,'2020-08-10 09:21:39'),(706,4581828505297240064,4570963337549987850,'413823dbd0224738889aa5cec69b3704',0,4543893086396219392,'2020-08-10 09:21:39',4543893086396219392,'2020-08-10 09:21:39'),(707,4581828505297240064,4570963337549987851,'413823dbd0224738889aa5cec69b3704',0,4543893086396219392,'2020-08-10 09:21:39',4543893086396219392,'2020-08-10 09:21:39'),(708,4581828505297240064,4570963337549987852,'413823dbd0224738889aa5cec69b3704',0,4543893086396219392,'2020-08-10 09:21:39',4543893086396219392,'2020-08-10 09:21:39'),(709,4581828505297240064,4570963337549987853,'413823dbd0224738889aa5cec69b3704',0,4543893086396219392,'2020-08-10 09:21:39',4543893086396219392,'2020-08-10 09:21:39'),(710,4581828505297240064,4570963337549987854,'413823dbd0224738889aa5cec69b3704',0,4543893086396219392,'2020-08-10 09:21:39',4543893086396219392,'2020-08-10 09:21:39'),(711,4581828505297240064,4570963337549987855,'413823dbd0224738889aa5cec69b3704',0,4543893086396219392,'2020-08-10 09:21:39',4543893086396219392,'2020-08-10 09:21:39'),(712,4581828505297240064,4570963337549987856,'413823dbd0224738889aa5cec69b3704',0,4543893086396219392,'2020-08-10 09:21:39',4543893086396219392,'2020-08-10 09:21:39'),(713,4581828505297240064,4570963337549987857,'413823dbd0224738889aa5cec69b3704',0,4543893086396219392,'2020-08-10 09:21:39',4543893086396219392,'2020-08-10 09:21:39'),(714,4581829604808867840,4570963337549987842,'413823dbd0224738889aa5cec69b3704',1,4543893086396219392,'2020-08-10 09:21:52',4543893086396219392,'2020-08-10 09:21:52'),(715,4581829604808867840,4570963337549987858,'413823dbd0224738889aa5cec69b3704',0,4543893086396219392,'2020-08-10 09:21:52',4543893086396219392,'2020-08-10 09:21:52'),(716,4581829604808867840,4570963337549987859,'413823dbd0224738889aa5cec69b3704',0,4543893086396219392,'2020-08-10 09:21:52',4543893086396219392,'2020-08-10 09:21:52'),(717,4581829604808867840,4570963337549987860,'413823dbd0224738889aa5cec69b3704',0,4543893086396219392,'2020-08-10 09:21:52',4543893086396219392,'2020-08-10 09:21:52'),(718,4581829604808867840,4570963337549987861,'413823dbd0224738889aa5cec69b3704',0,4543893086396219392,'2020-08-10 09:21:52',4543893086396219392,'2020-08-10 09:21:52'),(719,4581829604808867840,4570963337549987862,'413823dbd0224738889aa5cec69b3704',0,4543893086396219392,'2020-08-10 09:21:52',4543893086396219392,'2020-08-10 09:21:52'),(720,4581829604808867840,4570963337549987863,'413823dbd0224738889aa5cec69b3704',0,4543893086396219392,'2020-08-10 09:21:52',4543893086396219392,'2020-08-10 09:21:52'),(721,4581829604808867840,4570963337549987864,'413823dbd0224738889aa5cec69b3704',0,4543893086396219392,'2020-08-10 09:21:52',4543893086396219392,'2020-08-10 09:21:52'),(722,4581829845327036416,4570963337549987842,'413823dbd0224738889aa5cec69b3704',1,4543893086396219392,'2020-08-10 09:21:59',4543893086396219392,'2020-08-10 09:21:59'),(723,4581829845327036416,4570963337549987865,'413823dbd0224738889aa5cec69b3704',0,4543893086396219392,'2020-08-10 09:21:59',4543893086396219392,'2020-08-10 09:21:59'),(724,4581829845327036416,4570963337549987866,'413823dbd0224738889aa5cec69b3704',0,4543893086396219392,'2020-08-10 09:21:59',4543893086396219392,'2020-08-10 09:21:59'),(725,4581831288436047872,4570963337549987840,'413823dbd0224738889aa5cec69b3704',0,4543893086396219392,'2020-08-10 09:22:07',4543893086396219392,'2020-08-10 09:22:07'),(726,4581831288436047872,4570963337549987841,'413823dbd0224738889aa5cec69b3704',0,4543893086396219392,'2020-08-10 09:22:07',4543893086396219392,'2020-08-10 09:22:07'),(727,4581831288436047872,4570963337549987842,'413823dbd0224738889aa5cec69b3704',0,4543893086396219392,'2020-08-10 09:22:07',4543893086396219392,'2020-08-10 09:22:07'),(728,4581831288436047872,4570963337549987843,'413823dbd0224738889aa5cec69b3704',0,4543893086396219392,'2020-08-10 09:22:07',4543893086396219392,'2020-08-10 09:22:07'),(729,4581831288436047872,4570963337549987844,'413823dbd0224738889aa5cec69b3704',0,4543893086396219392,'2020-08-10 09:22:07',4543893086396219392,'2020-08-10 09:22:07'),(730,4581831288436047872,4570963337549987845,'413823dbd0224738889aa5cec69b3704',0,4543893086396219392,'2020-08-10 09:22:07',4543893086396219392,'2020-08-10 09:22:07'),(731,4581831288436047872,4570963337549987846,'413823dbd0224738889aa5cec69b3704',0,4543893086396219392,'2020-08-10 09:22:07',4543893086396219392,'2020-08-10 09:22:07'),(732,4581831288436047872,4570963337549987847,'413823dbd0224738889aa5cec69b3704',0,4543893086396219392,'2020-08-10 09:22:07',4543893086396219392,'2020-08-10 09:22:07'),(733,4581831288436047872,4570963337549987848,'413823dbd0224738889aa5cec69b3704',0,4543893086396219392,'2020-08-10 09:22:07',4543893086396219392,'2020-08-10 09:22:07'),(734,4581831288436047872,4570963337549987849,'413823dbd0224738889aa5cec69b3704',0,4543893086396219392,'2020-08-10 09:22:07',4543893086396219392,'2020-08-10 09:22:07'),(735,4581831288436047872,4570963337549987850,'413823dbd0224738889aa5cec69b3704',0,4543893086396219392,'2020-08-10 09:22:07',4543893086396219392,'2020-08-10 09:22:07'),(736,4581831288436047872,4570963337549987851,'413823dbd0224738889aa5cec69b3704',0,4543893086396219392,'2020-08-10 09:22:07',4543893086396219392,'2020-08-10 09:22:07'),(737,4581831288436047872,4570963337549987852,'413823dbd0224738889aa5cec69b3704',0,4543893086396219392,'2020-08-10 09:22:07',4543893086396219392,'2020-08-10 09:22:07'),(738,4581831288436047872,4570963337549987853,'413823dbd0224738889aa5cec69b3704',0,4543893086396219392,'2020-08-10 09:22:07',4543893086396219392,'2020-08-10 09:22:07'),(739,4581831288436047872,4570963337549987854,'413823dbd0224738889aa5cec69b3704',0,4543893086396219392,'2020-08-10 09:22:07',4543893086396219392,'2020-08-10 09:22:07'),(740,4581831288436047872,4570963337549987855,'413823dbd0224738889aa5cec69b3704',0,4543893086396219392,'2020-08-10 09:22:07',4543893086396219392,'2020-08-10 09:22:07'),(741,4581831288436047872,4570963337549987856,'413823dbd0224738889aa5cec69b3704',0,4543893086396219392,'2020-08-10 09:22:07',4543893086396219392,'2020-08-10 09:22:07'),(742,4581831288436047872,4570963337549987857,'413823dbd0224738889aa5cec69b3704',0,4543893086396219392,'2020-08-10 09:22:07',4543893086396219392,'2020-08-10 09:22:07'),(743,4581831288436047872,4570963337549987858,'413823dbd0224738889aa5cec69b3704',0,4543893086396219392,'2020-08-10 09:22:07',4543893086396219392,'2020-08-10 09:22:07'),(744,4581831288436047872,4570963337549987859,'413823dbd0224738889aa5cec69b3704',0,4543893086396219392,'2020-08-10 09:22:07',4543893086396219392,'2020-08-10 09:22:07'),(745,4581831288436047872,4570963337549987860,'413823dbd0224738889aa5cec69b3704',0,4543893086396219392,'2020-08-10 09:22:07',4543893086396219392,'2020-08-10 09:22:07'),(746,4581831288436047872,4570963337549987861,'413823dbd0224738889aa5cec69b3704',0,4543893086396219392,'2020-08-10 09:22:07',4543893086396219392,'2020-08-10 09:22:07'),(747,4581831288436047872,4570963337549987862,'413823dbd0224738889aa5cec69b3704',0,4543893086396219392,'2020-08-10 09:22:07',4543893086396219392,'2020-08-10 09:22:07'),(748,4581831288436047872,4570963337549987863,'413823dbd0224738889aa5cec69b3704',0,4543893086396219392,'2020-08-10 09:22:07',4543893086396219392,'2020-08-10 09:22:07'),(749,4581831288436047872,4570963337549987864,'413823dbd0224738889aa5cec69b3704',0,4543893086396219392,'2020-08-10 09:22:07',4543893086396219392,'2020-08-10 09:22:07'),(750,4581831288436047872,4570963337549987865,'413823dbd0224738889aa5cec69b3704',0,4543893086396219392,'2020-08-10 09:22:07',4543893086396219392,'2020-08-10 09:22:07'),(751,4581831288436047872,4570963337549987866,'413823dbd0224738889aa5cec69b3704',0,4543893086396219392,'2020-08-10 09:22:07',4543893086396219392,'2020-08-10 09:22:07'),(1474,4564102659870572544,4689692313968984064,'413823dbd0224738889aa5cec69b3704',0,4543893086396219392,'2020-09-29 10:42:14',4543893086396219392,'2020-09-29 10:42:14'),(1475,4564102659870572544,4689692313968984065,'413823dbd0224738889aa5cec69b3704',0,4543893086396219392,'2020-09-29 10:42:14',4543893086396219392,'2020-09-29 10:42:14'),(1476,4564102659870572544,4689692313968984066,'413823dbd0224738889aa5cec69b3704',0,4543893086396219392,'2020-09-29 10:42:14',4543893086396219392,'2020-09-29 10:42:14'),(1477,4564102659870572544,4689692313968984067,'413823dbd0224738889aa5cec69b3704',0,4543893086396219392,'2020-09-29 10:42:14',4543893086396219392,'2020-09-29 10:42:14'),(1478,4564102659870572544,4689692313968984068,'413823dbd0224738889aa5cec69b3704',0,4543893086396219392,'2020-09-29 10:42:14',4543893086396219392,'2020-09-29 10:42:14'),(1479,4564102659870572544,4689692313968984069,'413823dbd0224738889aa5cec69b3704',0,4543893086396219392,'2020-09-29 10:42:14',4543893086396219392,'2020-09-29 10:42:14'),(1480,4564102659870572544,4689692313968984070,'413823dbd0224738889aa5cec69b3704',0,4543893086396219392,'2020-09-29 10:42:14',4543893086396219392,'2020-09-29 10:42:14'),(1481,4564102659870572544,4689692313968984071,'413823dbd0224738889aa5cec69b3704',0,4543893086396219392,'2020-09-29 10:42:14',4543893086396219392,'2020-09-29 10:42:14'),(1482,4564102659870572544,4689692313968984072,'413823dbd0224738889aa5cec69b3704',0,4543893086396219392,'2020-09-29 10:42:14',4543893086396219392,'2020-09-29 10:42:14'),(1483,4564102659870572544,4689692313968984073,'413823dbd0224738889aa5cec69b3704',0,4543893086396219392,'2020-09-29 10:42:14',4543893086396219392,'2020-09-29 10:42:14'),(1484,4564102659870572544,4689692313968984074,'413823dbd0224738889aa5cec69b3704',0,4543893086396219392,'2020-09-29 10:42:14',4543893086396219392,'2020-09-29 10:42:14'),(1485,4564102659870572544,4689692313968984075,'413823dbd0224738889aa5cec69b3704',0,4543893086396219392,'2020-09-29 10:42:14',4543893086396219392,'2020-09-29 10:42:14'),(1486,4564102659870572544,4689692313968984076,'413823dbd0224738889aa5cec69b3704',0,4543893086396219392,'2020-09-29 10:42:14',4543893086396219392,'2020-09-29 10:42:14'),(1487,4564102659870572544,4570963337549987840,'413823dbd0224738889aa5cec69b3704',0,4543893086396219392,'2020-09-29 10:42:14',4543893086396219392,'2020-09-29 10:42:14'),(1488,4564102659870572544,4603350620777234432,'413823dbd0224738889aa5cec69b3704',0,4543893086396219392,'2020-09-29 10:42:14',4543893086396219392,'2020-09-29 10:42:14'),(1489,4564102659870572544,4606490997784854528,'413823dbd0224738889aa5cec69b3704',0,4543893086396219392,'2020-09-29 10:42:14',4543893086396219392,'2020-09-29 10:42:14'),(1490,4564102659870572544,4606490997784854529,'413823dbd0224738889aa5cec69b3704',0,4543893086396219392,'2020-09-29 10:42:14',4543893086396219392,'2020-09-29 10:42:14'),(1491,4564102659870572544,4606490997784854530,'413823dbd0224738889aa5cec69b3704',0,4543893086396219392,'2020-09-29 10:42:14',4543893086396219392,'2020-09-29 10:42:14'),(1492,4564102659870572544,4606490997784854531,'413823dbd0224738889aa5cec69b3704',0,4543893086396219392,'2020-09-29 10:42:14',4543893086396219392,'2020-09-29 10:42:14'),(1493,4564102659870572544,4606490997784854532,'413823dbd0224738889aa5cec69b3704',0,4543893086396219392,'2020-09-29 10:42:14',4543893086396219392,'2020-09-29 10:42:14'),(1494,4564102659870572544,4606490997784854533,'413823dbd0224738889aa5cec69b3704',0,4543893086396219392,'2020-09-29 10:42:14',4543893086396219392,'2020-09-29 10:42:14'),(1495,4564102659870572544,4606490997784854534,'413823dbd0224738889aa5cec69b3704',0,4543893086396219392,'2020-09-29 10:42:14',4543893086396219392,'2020-09-29 10:42:14'),(1496,4564102659870572544,4606490997784854535,'413823dbd0224738889aa5cec69b3704',0,4543893086396219392,'2020-09-29 10:42:14',4543893086396219392,'2020-09-29 10:42:14'),(1497,4564102659870572544,4603350620777234433,'413823dbd0224738889aa5cec69b3704',0,4543893086396219392,'2020-09-29 10:42:14',4543893086396219392,'2020-09-29 10:42:14'),(1498,4564102659870572544,4603350620777234434,'413823dbd0224738889aa5cec69b3704',0,4543893086396219392,'2020-09-29 10:42:14',4543893086396219392,'2020-09-29 10:42:14'),(1499,4564102659870572544,4570963337549987841,'413823dbd0224738889aa5cec69b3704',0,4543893086396219392,'2020-09-29 10:42:14',4543893086396219392,'2020-09-29 10:42:14'),(1500,4564102659870572544,4570963337549987842,'413823dbd0224738889aa5cec69b3704',0,4543893086396219392,'2020-09-29 10:42:14',4543893086396219392,'2020-09-29 10:42:14'),(1501,4564102659870572544,4570963337549987843,'413823dbd0224738889aa5cec69b3704',0,4543893086396219392,'2020-09-29 10:42:14',4543893086396219392,'2020-09-29 10:42:14'),(1502,4564102659870572544,4570963337549987844,'413823dbd0224738889aa5cec69b3704',0,4543893086396219392,'2020-09-29 10:42:14',4543893086396219392,'2020-09-29 10:42:14'),(1503,4564102659870572544,4570963337549987845,'413823dbd0224738889aa5cec69b3704',0,4543893086396219392,'2020-09-29 10:42:14',4543893086396219392,'2020-09-29 10:42:14'),(1504,4564102659870572544,4570963337549987846,'413823dbd0224738889aa5cec69b3704',0,4543893086396219392,'2020-09-29 10:42:14',4543893086396219392,'2020-09-29 10:42:14'),(1505,4564102659870572544,4570963337549987847,'413823dbd0224738889aa5cec69b3704',0,4543893086396219392,'2020-09-29 10:42:14',4543893086396219392,'2020-09-29 10:42:14'),(1506,4564102659870572544,4570963337549987848,'413823dbd0224738889aa5cec69b3704',0,4543893086396219392,'2020-09-29 10:42:14',4543893086396219392,'2020-09-29 10:42:14'),(1507,4564102659870572544,4570963337549987849,'413823dbd0224738889aa5cec69b3704',0,4543893086396219392,'2020-09-29 10:42:14',4543893086396219392,'2020-09-29 10:42:14'),(1508,4564102659870572544,4570963337549987850,'413823dbd0224738889aa5cec69b3704',0,4543893086396219392,'2020-09-29 10:42:14',4543893086396219392,'2020-09-29 10:42:14'),(1509,4564102659870572544,4570963337549987851,'413823dbd0224738889aa5cec69b3704',0,4543893086396219392,'2020-09-29 10:42:14',4543893086396219392,'2020-09-29 10:42:14'),(1510,4564102659870572544,4570963337549987852,'413823dbd0224738889aa5cec69b3704',0,4543893086396219392,'2020-09-29 10:42:14',4543893086396219392,'2020-09-29 10:42:14'),(1511,4564102659870572544,4570963337549987853,'413823dbd0224738889aa5cec69b3704',0,4543893086396219392,'2020-09-29 10:42:14',4543893086396219392,'2020-09-29 10:42:14'),(1512,4564102659870572544,4570963337549987854,'413823dbd0224738889aa5cec69b3704',0,4543893086396219392,'2020-09-29 10:42:14',4543893086396219392,'2020-09-29 10:42:14'),(1513,4564102659870572544,4570963337549987855,'413823dbd0224738889aa5cec69b3704',0,4543893086396219392,'2020-09-29 10:42:14',4543893086396219392,'2020-09-29 10:42:14'),(1514,4564102659870572544,4570963337549987856,'413823dbd0224738889aa5cec69b3704',0,4543893086396219392,'2020-09-29 10:42:14',4543893086396219392,'2020-09-29 10:42:14'),(1515,4564102659870572544,4570963337549987857,'413823dbd0224738889aa5cec69b3704',0,4543893086396219392,'2020-09-29 10:42:14',4543893086396219392,'2020-09-29 10:42:14'),(1516,4564102659870572544,4570963337549987858,'413823dbd0224738889aa5cec69b3704',0,4543893086396219392,'2020-09-29 10:42:14',4543893086396219392,'2020-09-29 10:42:14'),(1517,4564102659870572544,4570963337549987859,'413823dbd0224738889aa5cec69b3704',0,4543893086396219392,'2020-09-29 10:42:14',4543893086396219392,'2020-09-29 10:42:14'),(1518,4564102659870572544,4570963337549987860,'413823dbd0224738889aa5cec69b3704',0,4543893086396219392,'2020-09-29 10:42:14',4543893086396219392,'2020-09-29 10:42:14'),(1519,4564102659870572544,4570963337549987861,'413823dbd0224738889aa5cec69b3704',0,4543893086396219392,'2020-09-29 10:42:14',4543893086396219392,'2020-09-29 10:42:14'),(1520,4564102659870572544,4570963337549987862,'413823dbd0224738889aa5cec69b3704',0,4543893086396219392,'2020-09-29 10:42:14',4543893086396219392,'2020-09-29 10:42:14'),(1521,4564102659870572544,4570963337549987863,'413823dbd0224738889aa5cec69b3704',0,4543893086396219392,'2020-09-29 10:42:14',4543893086396219392,'2020-09-29 10:42:14'),(1522,4564102659870572544,4570963337549987864,'413823dbd0224738889aa5cec69b3704',0,4543893086396219392,'2020-09-29 10:42:14',4543893086396219392,'2020-09-29 10:42:14'),(1523,4564102659870572544,4570963337549987865,'413823dbd0224738889aa5cec69b3704',0,4543893086396219392,'2020-09-29 10:42:14',4543893086396219392,'2020-09-29 10:42:14'),(1524,4564102659870572544,4570963337549987866,'413823dbd0224738889aa5cec69b3704',0,4543893086396219392,'2020-09-29 10:42:14',4543893086396219392,'2020-09-29 10:42:14'),(1719,4564070877112582144,4689692313968984064,'413823dbd0224738889aa5cec69b3704',0,4543893086396219392,'2020-10-10 15:16:31',4543893086396219392,'2020-10-10 15:16:31'),(1720,4564070877112582144,4689692313968984065,'413823dbd0224738889aa5cec69b3704',0,4543893086396219392,'2020-10-10 15:16:31',4543893086396219392,'2020-10-10 15:16:31'),(1721,4564070877112582144,4689692313968984066,'413823dbd0224738889aa5cec69b3704',0,4543893086396219392,'2020-10-10 15:16:31',4543893086396219392,'2020-10-10 15:16:31'),(1722,4564070877112582144,4689692313968984067,'413823dbd0224738889aa5cec69b3704',0,4543893086396219392,'2020-10-10 15:16:31',4543893086396219392,'2020-10-10 15:16:31'),(1723,4564070877112582144,4689692313968984068,'413823dbd0224738889aa5cec69b3704',0,4543893086396219392,'2020-10-10 15:16:31',4543893086396219392,'2020-10-10 15:16:31'),(1724,4564070877112582144,4689692313968984069,'413823dbd0224738889aa5cec69b3704',0,4543893086396219392,'2020-10-10 15:16:31',4543893086396219392,'2020-10-10 15:16:31'),(1725,4564070877112582144,4689692313968984070,'413823dbd0224738889aa5cec69b3704',0,4543893086396219392,'2020-10-10 15:16:31',4543893086396219392,'2020-10-10 15:16:31'),(1726,4564070877112582144,4689692313968984071,'413823dbd0224738889aa5cec69b3704',0,4543893086396219392,'2020-10-10 15:16:31',4543893086396219392,'2020-10-10 15:16:31'),(1727,4564070877112582144,4689692313968984072,'413823dbd0224738889aa5cec69b3704',0,4543893086396219392,'2020-10-10 15:16:31',4543893086396219392,'2020-10-10 15:16:31'),(1728,4564070877112582144,4689692313968984073,'413823dbd0224738889aa5cec69b3704',0,4543893086396219392,'2020-10-10 15:16:31',4543893086396219392,'2020-10-10 15:16:31'),(1729,4564070877112582144,4689692313968984074,'413823dbd0224738889aa5cec69b3704',0,4543893086396219392,'2020-10-10 15:16:31',4543893086396219392,'2020-10-10 15:16:31'),(1730,4564070877112582144,4689692313968984075,'413823dbd0224738889aa5cec69b3704',0,4543893086396219392,'2020-10-10 15:16:31',4543893086396219392,'2020-10-10 15:16:31'),(1731,4564070877112582144,4689692313968984076,'413823dbd0224738889aa5cec69b3704',0,4543893086396219392,'2020-10-10 15:16:31',4543893086396219392,'2020-10-10 15:16:31'),(1732,4564070877112582144,4570963337549987842,'413823dbd0224738889aa5cec69b3704',0,4543893086396219392,'2020-10-10 15:16:31',4543893086396219392,'2020-10-10 15:16:31'),(1733,4564070877112582144,4570963337549987843,'413823dbd0224738889aa5cec69b3704',0,4543893086396219392,'2020-10-10 15:16:31',4543893086396219392,'2020-10-10 15:16:31'),(1734,4564070877112582144,4570963337549987844,'413823dbd0224738889aa5cec69b3704',0,4543893086396219392,'2020-10-10 15:16:31',4543893086396219392,'2020-10-10 15:16:31'),(1735,4564070877112582144,4570963337549987845,'413823dbd0224738889aa5cec69b3704',0,4543893086396219392,'2020-10-10 15:16:31',4543893086396219392,'2020-10-10 15:16:31'),(1736,4564070877112582144,4570963337549987846,'413823dbd0224738889aa5cec69b3704',0,4543893086396219392,'2020-10-10 15:16:31',4543893086396219392,'2020-10-10 15:16:31'),(1737,4564070877112582144,4570963337549987847,'413823dbd0224738889aa5cec69b3704',0,4543893086396219392,'2020-10-10 15:16:31',4543893086396219392,'2020-10-10 15:16:31'),(1738,4564070877112582144,4570963337549987848,'413823dbd0224738889aa5cec69b3704',0,4543893086396219392,'2020-10-10 15:16:31',4543893086396219392,'2020-10-10 15:16:31'),(1739,4564070877112582144,4570963337549987849,'413823dbd0224738889aa5cec69b3704',0,4543893086396219392,'2020-10-10 15:16:31',4543893086396219392,'2020-10-10 15:16:31'),(1740,4564070877112582144,4570963337549987850,'413823dbd0224738889aa5cec69b3704',0,4543893086396219392,'2020-10-10 15:16:31',4543893086396219392,'2020-10-10 15:16:31'),(1741,4564070877112582144,4570963337549987851,'413823dbd0224738889aa5cec69b3704',0,4543893086396219392,'2020-10-10 15:16:31',4543893086396219392,'2020-10-10 15:16:31'),(1742,4564070877112582144,4570963337549987852,'413823dbd0224738889aa5cec69b3704',0,4543893086396219392,'2020-10-10 15:16:31',4543893086396219392,'2020-10-10 15:16:31'),(1743,4564070877112582144,4570963337549987853,'413823dbd0224738889aa5cec69b3704',0,4543893086396219392,'2020-10-10 15:16:31',4543893086396219392,'2020-10-10 15:16:31'),(1744,4564070877112582144,4570963337549987854,'413823dbd0224738889aa5cec69b3704',0,4543893086396219392,'2020-10-10 15:16:31',4543893086396219392,'2020-10-10 15:16:31'),(1745,4564070877112582144,4570963337549987855,'413823dbd0224738889aa5cec69b3704',0,4543893086396219392,'2020-10-10 15:16:31',4543893086396219392,'2020-10-10 15:16:31'),(1746,4564070877112582144,4570963337549987856,'413823dbd0224738889aa5cec69b3704',0,4543893086396219392,'2020-10-10 15:16:31',4543893086396219392,'2020-10-10 15:16:31'),(1747,4564070877112582144,4570963337549987857,'413823dbd0224738889aa5cec69b3704',0,4543893086396219392,'2020-10-10 15:16:31',4543893086396219392,'2020-10-10 15:16:31'),(1748,4564070877112582144,4570963337549987858,'413823dbd0224738889aa5cec69b3704',0,4543893086396219392,'2020-10-10 15:16:31',4543893086396219392,'2020-10-10 15:16:31'),(1749,4564070877112582144,4570963337549987859,'413823dbd0224738889aa5cec69b3704',0,4543893086396219392,'2020-10-10 15:16:31',4543893086396219392,'2020-10-10 15:16:31'),(1750,4564070877112582144,4570963337549987860,'413823dbd0224738889aa5cec69b3704',0,4543893086396219392,'2020-10-10 15:16:31',4543893086396219392,'2020-10-10 15:16:31'),(1751,4564070877112582144,4570963337549987861,'413823dbd0224738889aa5cec69b3704',0,4543893086396219392,'2020-10-10 15:16:31',4543893086396219392,'2020-10-10 15:16:31'),(1752,4564070877112582144,4570963337549987862,'413823dbd0224738889aa5cec69b3704',0,4543893086396219392,'2020-10-10 15:16:31',4543893086396219392,'2020-10-10 15:16:31'),(1753,4564070877112582144,4570963337549987863,'413823dbd0224738889aa5cec69b3704',0,4543893086396219392,'2020-10-10 15:16:31',4543893086396219392,'2020-10-10 15:16:31'),(1754,4564070877112582144,4570963337549987864,'413823dbd0224738889aa5cec69b3704',0,4543893086396219392,'2020-10-10 15:16:31',4543893086396219392,'2020-10-10 15:16:31'),(1755,4564070877112582144,4570963337549987865,'413823dbd0224738889aa5cec69b3704',0,4543893086396219392,'2020-10-10 15:16:31',4543893086396219392,'2020-10-10 15:16:31'),(1756,4564070877112582144,4570963337549987866,'413823dbd0224738889aa5cec69b3704',0,4543893086396219392,'2020-10-10 15:16:31',4543893086396219392,'2020-10-10 15:16:31'),(2241,4562286404100440064,4769732774741426176,'413823dbd0224738889aa5cec69b3704',0,4543893086396219392,'2020-10-21 18:02:43',4543893086396219392,'2020-10-21 18:02:43'),(2242,4562286404100440064,4769732774741426177,'413823dbd0224738889aa5cec69b3704',0,4543893086396219392,'2020-10-21 18:02:43',4543893086396219392,'2020-10-21 18:02:43'),(2243,4562286404100440064,4769732774741426178,'413823dbd0224738889aa5cec69b3704',0,4543893086396219392,'2020-10-21 18:02:43',4543893086396219392,'2020-10-21 18:02:43'),(2244,4562286404100440064,4769732774741426179,'413823dbd0224738889aa5cec69b3704',0,4543893086396219392,'2020-10-21 18:02:43',4543893086396219392,'2020-10-21 18:02:43'),(2245,4562286404100440064,4769732774741426180,'413823dbd0224738889aa5cec69b3704',0,4543893086396219392,'2020-10-21 18:02:43',4543893086396219392,'2020-10-21 18:02:43'),(2246,4562286404100440064,4769732774741426181,'413823dbd0224738889aa5cec69b3704',0,4543893086396219392,'2020-10-21 18:02:43',4543893086396219392,'2020-10-21 18:02:43'),(2247,4562286404100440064,4769732774741426182,'413823dbd0224738889aa5cec69b3704',0,4543893086396219392,'2020-10-21 18:02:43',4543893086396219392,'2020-10-21 18:02:43'),(2248,4562286404100440064,4769732774741426183,'413823dbd0224738889aa5cec69b3704',0,4543893086396219392,'2020-10-21 18:02:43',4543893086396219392,'2020-10-21 18:02:43'),(2249,4562286404100440064,4769732774741426184,'413823dbd0224738889aa5cec69b3704',0,4543893086396219392,'2020-10-21 18:02:43',4543893086396219392,'2020-10-21 18:02:43'),(2250,4562286404100440064,4769732774741426185,'413823dbd0224738889aa5cec69b3704',0,4543893086396219392,'2020-10-21 18:02:43',4543893086396219392,'2020-10-21 18:02:43'),(2251,4562286404100440064,4769732774741426186,'413823dbd0224738889aa5cec69b3704',0,4543893086396219392,'2020-10-21 18:02:43',4543893086396219392,'2020-10-21 18:02:43'),(2252,4562286404100440064,4689692313968984064,'413823dbd0224738889aa5cec69b3704',0,4543893086396219392,'2020-10-21 18:02:43',4543893086396219392,'2020-10-21 18:02:43'),(2253,4562286404100440064,4689692313968984065,'413823dbd0224738889aa5cec69b3704',0,4543893086396219392,'2020-10-21 18:02:43',4543893086396219392,'2020-10-21 18:02:43'),(2254,4562286404100440064,4689692313968984066,'413823dbd0224738889aa5cec69b3704',0,4543893086396219392,'2020-10-21 18:02:43',4543893086396219392,'2020-10-21 18:02:43'),(2255,4562286404100440064,4689692313968984067,'413823dbd0224738889aa5cec69b3704',0,4543893086396219392,'2020-10-21 18:02:43',4543893086396219392,'2020-10-21 18:02:43'),(2256,4562286404100440064,4689692313968984068,'413823dbd0224738889aa5cec69b3704',0,4543893086396219392,'2020-10-21 18:02:43',4543893086396219392,'2020-10-21 18:02:43'),(2257,4562286404100440064,4689692313968984069,'413823dbd0224738889aa5cec69b3704',0,4543893086396219392,'2020-10-21 18:02:43',4543893086396219392,'2020-10-21 18:02:43'),(2258,4562286404100440064,4689692313968984070,'413823dbd0224738889aa5cec69b3704',0,4543893086396219392,'2020-10-21 18:02:43',4543893086396219392,'2020-10-21 18:02:43'),(2259,4562286404100440064,4689692313968984071,'413823dbd0224738889aa5cec69b3704',0,4543893086396219392,'2020-10-21 18:02:43',4543893086396219392,'2020-10-21 18:02:43'),(2260,4562286404100440064,4689692313968984072,'413823dbd0224738889aa5cec69b3704',0,4543893086396219392,'2020-10-21 18:02:43',4543893086396219392,'2020-10-21 18:02:43'),(2261,4562286404100440064,4689692313968984073,'413823dbd0224738889aa5cec69b3704',0,4543893086396219392,'2020-10-21 18:02:43',4543893086396219392,'2020-10-21 18:02:43'),(2262,4562286404100440064,4689692313968984074,'413823dbd0224738889aa5cec69b3704',0,4543893086396219392,'2020-10-21 18:02:43',4543893086396219392,'2020-10-21 18:02:43'),(2263,4562286404100440064,4689692313968984075,'413823dbd0224738889aa5cec69b3704',0,4543893086396219392,'2020-10-21 18:02:43',4543893086396219392,'2020-10-21 18:02:43'),(2264,4562286404100440064,4689692313968984076,'413823dbd0224738889aa5cec69b3704',0,4543893086396219392,'2020-10-21 18:02:43',4543893086396219392,'2020-10-21 18:02:43'),(2265,4562286404100440064,4570963337549987840,'413823dbd0224738889aa5cec69b3704',0,4543893086396219392,'2020-10-21 18:02:43',4543893086396219392,'2020-10-21 18:02:43'),(2266,4562286404100440064,4603350620777234432,'413823dbd0224738889aa5cec69b3704',0,4543893086396219392,'2020-10-21 18:02:43',4543893086396219392,'2020-10-21 18:02:43'),(2267,4562286404100440064,4606490997784854528,'413823dbd0224738889aa5cec69b3704',0,4543893086396219392,'2020-10-21 18:02:43',4543893086396219392,'2020-10-21 18:02:43'),(2268,4562286404100440064,4606490997784854529,'413823dbd0224738889aa5cec69b3704',0,4543893086396219392,'2020-10-21 18:02:43',4543893086396219392,'2020-10-21 18:02:43'),(2269,4562286404100440064,4606490997784854530,'413823dbd0224738889aa5cec69b3704',0,4543893086396219392,'2020-10-21 18:02:43',4543893086396219392,'2020-10-21 18:02:43'),(2270,4562286404100440064,4606490997784854531,'413823dbd0224738889aa5cec69b3704',0,4543893086396219392,'2020-10-21 18:02:43',4543893086396219392,'2020-10-21 18:02:43'),(2271,4562286404100440064,4606490997784854532,'413823dbd0224738889aa5cec69b3704',0,4543893086396219392,'2020-10-21 18:02:43',4543893086396219392,'2020-10-21 18:02:43'),(2272,4562286404100440064,4606490997784854533,'413823dbd0224738889aa5cec69b3704',0,4543893086396219392,'2020-10-21 18:02:43',4543893086396219392,'2020-10-21 18:02:43'),(2273,4562286404100440064,4606490997784854534,'413823dbd0224738889aa5cec69b3704',0,4543893086396219392,'2020-10-21 18:02:43',4543893086396219392,'2020-10-21 18:02:43'),(2274,4562286404100440064,4606490997784854535,'413823dbd0224738889aa5cec69b3704',0,4543893086396219392,'2020-10-21 18:02:43',4543893086396219392,'2020-10-21 18:02:43'),(2275,4562286404100440064,4603350620777234433,'413823dbd0224738889aa5cec69b3704',0,4543893086396219392,'2020-10-21 18:02:43',4543893086396219392,'2020-10-21 18:02:43'),(2276,4562286404100440064,4603350620777234434,'413823dbd0224738889aa5cec69b3704',0,4543893086396219392,'2020-10-21 18:02:43',4543893086396219392,'2020-10-21 18:02:43'),(2277,4562286404100440064,4570963337549987841,'413823dbd0224738889aa5cec69b3704',0,4543893086396219392,'2020-10-21 18:02:43',4543893086396219392,'2020-10-21 18:02:43'),(2278,4562286404100440064,4570963337549987842,'413823dbd0224738889aa5cec69b3704',0,4543893086396219392,'2020-10-21 18:02:43',4543893086396219392,'2020-10-21 18:02:43'),(2279,4562286404100440064,4570963337549987843,'413823dbd0224738889aa5cec69b3704',0,4543893086396219392,'2020-10-21 18:02:43',4543893086396219392,'2020-10-21 18:02:43'),(2280,4562286404100440064,4570963337549987844,'413823dbd0224738889aa5cec69b3704',0,4543893086396219392,'2020-10-21 18:02:43',4543893086396219392,'2020-10-21 18:02:43'),(2281,4562286404100440064,4570963337549987845,'413823dbd0224738889aa5cec69b3704',0,4543893086396219392,'2020-10-21 18:02:43',4543893086396219392,'2020-10-21 18:02:43'),(2282,4562286404100440064,4570963337549987846,'413823dbd0224738889aa5cec69b3704',0,4543893086396219392,'2020-10-21 18:02:43',4543893086396219392,'2020-10-21 18:02:43'),(2283,4562286404100440064,4570963337549987847,'413823dbd0224738889aa5cec69b3704',0,4543893086396219392,'2020-10-21 18:02:43',4543893086396219392,'2020-10-21 18:02:43'),(2284,4562286404100440064,4570963337549987848,'413823dbd0224738889aa5cec69b3704',0,4543893086396219392,'2020-10-21 18:02:43',4543893086396219392,'2020-10-21 18:02:43'),(2285,4562286404100440064,4570963337549987849,'413823dbd0224738889aa5cec69b3704',0,4543893086396219392,'2020-10-21 18:02:43',4543893086396219392,'2020-10-21 18:02:43'),(2286,4562286404100440064,4570963337549987850,'413823dbd0224738889aa5cec69b3704',0,4543893086396219392,'2020-10-21 18:02:43',4543893086396219392,'2020-10-21 18:02:43'),(2287,4562286404100440064,4570963337549987851,'413823dbd0224738889aa5cec69b3704',0,4543893086396219392,'2020-10-21 18:02:43',4543893086396219392,'2020-10-21 18:02:43'),(2288,4562286404100440064,4570963337549987852,'413823dbd0224738889aa5cec69b3704',0,4543893086396219392,'2020-10-21 18:02:43',4543893086396219392,'2020-10-21 18:02:43'),(2289,4562286404100440064,4570963337549987853,'413823dbd0224738889aa5cec69b3704',0,4543893086396219392,'2020-10-21 18:02:43',4543893086396219392,'2020-10-21 18:02:43'),(2290,4562286404100440064,4570963337549987854,'413823dbd0224738889aa5cec69b3704',0,4543893086396219392,'2020-10-21 18:02:43',4543893086396219392,'2020-10-21 18:02:43'),(2291,4562286404100440064,4570963337549987855,'413823dbd0224738889aa5cec69b3704',0,4543893086396219392,'2020-10-21 18:02:43',4543893086396219392,'2020-10-21 18:02:43'),(2292,4562286404100440064,4570963337549987856,'413823dbd0224738889aa5cec69b3704',0,4543893086396219392,'2020-10-21 18:02:43',4543893086396219392,'2020-10-21 18:02:43'),(2293,4562286404100440064,4570963337549987857,'413823dbd0224738889aa5cec69b3704',0,4543893086396219392,'2020-10-21 18:02:43',4543893086396219392,'2020-10-21 18:02:43'),(2294,4562286404100440064,4570963337549987858,'413823dbd0224738889aa5cec69b3704',0,4543893086396219392,'2020-10-21 18:02:43',4543893086396219392,'2020-10-21 18:02:43'),(2295,4562286404100440064,4570963337549987859,'413823dbd0224738889aa5cec69b3704',0,4543893086396219392,'2020-10-21 18:02:43',4543893086396219392,'2020-10-21 18:02:43'),(2296,4562286404100440064,4570963337549987860,'413823dbd0224738889aa5cec69b3704',0,4543893086396219392,'2020-10-21 18:02:43',4543893086396219392,'2020-10-21 18:02:43'),(2297,4562286404100440064,4570963337549987861,'413823dbd0224738889aa5cec69b3704',0,4543893086396219392,'2020-10-21 18:02:43',4543893086396219392,'2020-10-21 18:02:43'),(2298,4562286404100440064,4570963337549987862,'413823dbd0224738889aa5cec69b3704',0,4543893086396219392,'2020-10-21 18:02:43',4543893086396219392,'2020-10-21 18:02:43'),(2299,4562286404100440064,4570963337549987863,'413823dbd0224738889aa5cec69b3704',0,4543893086396219392,'2020-10-21 18:02:43',4543893086396219392,'2020-10-21 18:02:43'),(2300,4562286404100440064,4570963337549987864,'413823dbd0224738889aa5cec69b3704',0,4543893086396219392,'2020-10-21 18:02:43',4543893086396219392,'2020-10-21 18:02:43'),(2301,4562286404100440064,4570963337549987865,'413823dbd0224738889aa5cec69b3704',0,4543893086396219392,'2020-10-21 18:02:43',4543893086396219392,'2020-10-21 18:02:43'),(2302,4562286404100440064,4570963337549987866,'413823dbd0224738889aa5cec69b3704',0,4543893086396219392,'2020-10-21 18:02:43',4543893086396219392,'2020-10-21 18:02:43'),(2548,4603507988378959872,4769732774741426176,'413823dbd0224738889aa5cec69b3704',1,4543893086396219392,'2020-10-27 11:07:10',4543893086396219392,'2020-10-27 11:07:10'),(2549,4603507988378959872,4769732774741426177,'413823dbd0224738889aa5cec69b3704',0,4543893086396219392,'2020-10-27 11:07:10',4543893086396219392,'2020-10-27 11:07:10'),(2550,4603507988378959872,4769732774741426178,'413823dbd0224738889aa5cec69b3704',0,4543893086396219392,'2020-10-27 11:07:10',4543893086396219392,'2020-10-27 11:07:10'),(2551,4603507988378959872,4769732774741426179,'413823dbd0224738889aa5cec69b3704',0,4543893086396219392,'2020-10-27 11:07:10',4543893086396219392,'2020-10-27 11:07:10'),(2552,4603507988378959872,4769732774741426180,'413823dbd0224738889aa5cec69b3704',0,4543893086396219392,'2020-10-27 11:07:10',4543893086396219392,'2020-10-27 11:07:10'),(2553,4603507988378959872,4769732774741426181,'413823dbd0224738889aa5cec69b3704',0,4543893086396219392,'2020-10-27 11:07:10',4543893086396219392,'2020-10-27 11:07:10'),(2554,4603507988378959872,4769732774741426182,'413823dbd0224738889aa5cec69b3704',1,4543893086396219392,'2020-10-27 11:07:10',4543893086396219392,'2020-10-27 11:07:10'),(2555,4603507988378959872,4769732774741426184,'413823dbd0224738889aa5cec69b3704',0,4543893086396219392,'2020-10-27 11:07:10',4543893086396219392,'2020-10-27 11:07:10'),(2556,4603507988378959872,4769732774741426185,'413823dbd0224738889aa5cec69b3704',0,4543893086396219392,'2020-10-27 11:07:10',4543893086396219392,'2020-10-27 11:07:10'),(2557,4603507988378959872,4689692313968984064,'413823dbd0224738889aa5cec69b3704',0,4543893086396219392,'2020-10-27 11:07:10',4543893086396219392,'2020-10-27 11:07:10'),(2558,4603507988378959872,4689692313968984065,'413823dbd0224738889aa5cec69b3704',0,4543893086396219392,'2020-10-27 11:07:10',4543893086396219392,'2020-10-27 11:07:10'),(2559,4603507988378959872,4689692313968984066,'413823dbd0224738889aa5cec69b3704',0,4543893086396219392,'2020-10-27 11:07:10',4543893086396219392,'2020-10-27 11:07:10'),(2560,4603507988378959872,4689692313968984067,'413823dbd0224738889aa5cec69b3704',0,4543893086396219392,'2020-10-27 11:07:10',4543893086396219392,'2020-10-27 11:07:10'),(2561,4603507988378959872,4689692313968984068,'413823dbd0224738889aa5cec69b3704',0,4543893086396219392,'2020-10-27 11:07:10',4543893086396219392,'2020-10-27 11:07:10'),(2562,4603507988378959872,4689692313968984069,'413823dbd0224738889aa5cec69b3704',0,4543893086396219392,'2020-10-27 11:07:10',4543893086396219392,'2020-10-27 11:07:10'),(2563,4603507988378959872,4689692313968984070,'413823dbd0224738889aa5cec69b3704',0,4543893086396219392,'2020-10-27 11:07:10',4543893086396219392,'2020-10-27 11:07:10'),(2564,4603507988378959872,4689692313968984071,'413823dbd0224738889aa5cec69b3704',0,4543893086396219392,'2020-10-27 11:07:10',4543893086396219392,'2020-10-27 11:07:10'),(2565,4603507988378959872,4689692313968984072,'413823dbd0224738889aa5cec69b3704',0,4543893086396219392,'2020-10-27 11:07:10',4543893086396219392,'2020-10-27 11:07:10'),(2566,4603507988378959872,4689692313968984073,'413823dbd0224738889aa5cec69b3704',0,4543893086396219392,'2020-10-27 11:07:10',4543893086396219392,'2020-10-27 11:07:10'),(2567,4603507988378959872,4689692313968984074,'413823dbd0224738889aa5cec69b3704',0,4543893086396219392,'2020-10-27 11:07:10',4543893086396219392,'2020-10-27 11:07:10'),(2568,4603507988378959872,4689692313968984075,'413823dbd0224738889aa5cec69b3704',0,4543893086396219392,'2020-10-27 11:07:10',4543893086396219392,'2020-10-27 11:07:10'),(2569,4603507988378959872,4689692313968984076,'413823dbd0224738889aa5cec69b3704',0,4543893086396219392,'2020-10-27 11:07:10',4543893086396219392,'2020-10-27 11:07:10'),(2570,4603507988378959872,4570963337549987840,'413823dbd0224738889aa5cec69b3704',0,4543893086396219392,'2020-10-27 11:07:10',4543893086396219392,'2020-10-27 11:07:10'),(2571,4603507988378959872,4603350620777234432,'413823dbd0224738889aa5cec69b3704',0,4543893086396219392,'2020-10-27 11:07:10',4543893086396219392,'2020-10-27 11:07:10'),(2572,4603507988378959872,4606490997784854528,'413823dbd0224738889aa5cec69b3704',0,4543893086396219392,'2020-10-27 11:07:10',4543893086396219392,'2020-10-27 11:07:10'),(2573,4603507988378959872,4606490997784854529,'413823dbd0224738889aa5cec69b3704',0,4543893086396219392,'2020-10-27 11:07:10',4543893086396219392,'2020-10-27 11:07:10'),(2574,4603507988378959872,4606490997784854530,'413823dbd0224738889aa5cec69b3704',0,4543893086396219392,'2020-10-27 11:07:10',4543893086396219392,'2020-10-27 11:07:10'),(2575,4603507988378959872,4606490997784854531,'413823dbd0224738889aa5cec69b3704',0,4543893086396219392,'2020-10-27 11:07:10',4543893086396219392,'2020-10-27 11:07:10'),(2576,4603507988378959872,4606490997784854532,'413823dbd0224738889aa5cec69b3704',0,4543893086396219392,'2020-10-27 11:07:10',4543893086396219392,'2020-10-27 11:07:10'),(2577,4603507988378959872,4606490997784854533,'413823dbd0224738889aa5cec69b3704',0,4543893086396219392,'2020-10-27 11:07:10',4543893086396219392,'2020-10-27 11:07:10'),(2578,4603507988378959872,4606490997784854534,'413823dbd0224738889aa5cec69b3704',0,4543893086396219392,'2020-10-27 11:07:10',4543893086396219392,'2020-10-27 11:07:10'),(2579,4603507988378959872,4606490997784854535,'413823dbd0224738889aa5cec69b3704',0,4543893086396219392,'2020-10-27 11:07:10',4543893086396219392,'2020-10-27 11:07:10'),(2580,4603507988378959872,4603350620777234433,'413823dbd0224738889aa5cec69b3704',0,4543893086396219392,'2020-10-27 11:07:10',4543893086396219392,'2020-10-27 11:07:10'),(2581,4603507988378959872,4603350620777234434,'413823dbd0224738889aa5cec69b3704',0,4543893086396219392,'2020-10-27 11:07:10',4543893086396219392,'2020-10-27 11:07:10'),(2582,4603507988378959872,4570963337549987841,'413823dbd0224738889aa5cec69b3704',0,4543893086396219392,'2020-10-27 11:07:10',4543893086396219392,'2020-10-27 11:07:10'),(2583,4603507988378959872,4570963337549987842,'413823dbd0224738889aa5cec69b3704',0,4543893086396219392,'2020-10-27 11:07:10',4543893086396219392,'2020-10-27 11:07:10'),(2584,4603507988378959872,4570963337549987843,'413823dbd0224738889aa5cec69b3704',0,4543893086396219392,'2020-10-27 11:07:10',4543893086396219392,'2020-10-27 11:07:10'),(2585,4603507988378959872,4570963337549987844,'413823dbd0224738889aa5cec69b3704',0,4543893086396219392,'2020-10-27 11:07:10',4543893086396219392,'2020-10-27 11:07:10'),(2586,4603507988378959872,4570963337549987845,'413823dbd0224738889aa5cec69b3704',0,4543893086396219392,'2020-10-27 11:07:10',4543893086396219392,'2020-10-27 11:07:10'),(2587,4603507988378959872,4570963337549987846,'413823dbd0224738889aa5cec69b3704',0,4543893086396219392,'2020-10-27 11:07:10',4543893086396219392,'2020-10-27 11:07:10'),(2588,4603507988378959872,4570963337549987847,'413823dbd0224738889aa5cec69b3704',0,4543893086396219392,'2020-10-27 11:07:10',4543893086396219392,'2020-10-27 11:07:10'),(2589,4603507988378959872,4570963337549987848,'413823dbd0224738889aa5cec69b3704',0,4543893086396219392,'2020-10-27 11:07:10',4543893086396219392,'2020-10-27 11:07:10'),(2590,4603507988378959872,4570963337549987849,'413823dbd0224738889aa5cec69b3704',0,4543893086396219392,'2020-10-27 11:07:10',4543893086396219392,'2020-10-27 11:07:10'),(2591,4603507988378959872,4570963337549987850,'413823dbd0224738889aa5cec69b3704',0,4543893086396219392,'2020-10-27 11:07:10',4543893086396219392,'2020-10-27 11:07:10'),(2592,4603507988378959872,4570963337549987851,'413823dbd0224738889aa5cec69b3704',0,4543893086396219392,'2020-10-27 11:07:10',4543893086396219392,'2020-10-27 11:07:10'),(2593,4603507988378959872,4570963337549987852,'413823dbd0224738889aa5cec69b3704',0,4543893086396219392,'2020-10-27 11:07:10',4543893086396219392,'2020-10-27 11:07:10'),(2594,4603507988378959872,4570963337549987853,'413823dbd0224738889aa5cec69b3704',0,4543893086396219392,'2020-10-27 11:07:10',4543893086396219392,'2020-10-27 11:07:10'),(2595,4603507988378959872,4570963337549987854,'413823dbd0224738889aa5cec69b3704',0,4543893086396219392,'2020-10-27 11:07:10',4543893086396219392,'2020-10-27 11:07:10'),(2596,4603507988378959872,4570963337549987855,'413823dbd0224738889aa5cec69b3704',0,4543893086396219392,'2020-10-27 11:07:10',4543893086396219392,'2020-10-27 11:07:10'),(2597,4603507988378959872,4570963337549987856,'413823dbd0224738889aa5cec69b3704',0,4543893086396219392,'2020-10-27 11:07:10',4543893086396219392,'2020-10-27 11:07:10'),(2598,4603507988378959872,4570963337549987857,'413823dbd0224738889aa5cec69b3704',0,4543893086396219392,'2020-10-27 11:07:10',4543893086396219392,'2020-10-27 11:07:10'),(2599,4603507988378959872,4570963337549987858,'413823dbd0224738889aa5cec69b3704',0,4543893086396219392,'2020-10-27 11:07:10',4543893086396219392,'2020-10-27 11:07:10'),(2600,4603507988378959872,4570963337549987859,'413823dbd0224738889aa5cec69b3704',0,4543893086396219392,'2020-10-27 11:07:10',4543893086396219392,'2020-10-27 11:07:10'),(2601,4603507988378959872,4570963337549987860,'413823dbd0224738889aa5cec69b3704',0,4543893086396219392,'2020-10-27 11:07:10',4543893086396219392,'2020-10-27 11:07:10'),(2602,4603507988378959872,4570963337549987861,'413823dbd0224738889aa5cec69b3704',0,4543893086396219392,'2020-10-27 11:07:10',4543893086396219392,'2020-10-27 11:07:10'),(2603,4603507988378959872,4570963337549987862,'413823dbd0224738889aa5cec69b3704',0,4543893086396219392,'2020-10-27 11:07:10',4543893086396219392,'2020-10-27 11:07:10'),(2604,4603507988378959872,4570963337549987863,'413823dbd0224738889aa5cec69b3704',0,4543893086396219392,'2020-10-27 11:07:10',4543893086396219392,'2020-10-27 11:07:10'),(2605,4603507988378959872,4570963337549987864,'413823dbd0224738889aa5cec69b3704',0,4543893086396219392,'2020-10-27 11:07:10',4543893086396219392,'2020-10-27 11:07:10'),(2606,4603507988378959872,4570963337549987865,'413823dbd0224738889aa5cec69b3704',0,4543893086396219392,'2020-10-27 11:07:10',4543893086396219392,'2020-10-27 11:07:10'),(2607,4603507988378959872,4570963337549987866,'413823dbd0224738889aa5cec69b3704',0,4543893086396219392,'2020-10-27 11:07:10',4543893086396219392,'2020-10-27 11:07:10'),(2626,4585675043647799296,4689692313968984065,'413823dbd0224738889aa5cec69b3704',0,4543893086396219392,'2020-11-04 18:30:07',4543893086396219392,'2020-11-04 18:30:07'),(2627,4585675043647799296,4689692313968984066,'413823dbd0224738889aa5cec69b3704',0,4543893086396219392,'2020-11-04 18:30:07',4543893086396219392,'2020-11-04 18:30:07'),(2628,4585675043647799296,4689692313968984067,'413823dbd0224738889aa5cec69b3704',0,4543893086396219392,'2020-11-04 18:30:07',4543893086396219392,'2020-11-04 18:30:07'),(2629,4585675043647799296,4689692313968984068,'413823dbd0224738889aa5cec69b3704',0,4543893086396219392,'2020-11-04 18:30:07',4543893086396219392,'2020-11-04 18:30:07'),(2630,4585675043647799296,4689692313968984069,'413823dbd0224738889aa5cec69b3704',0,4543893086396219392,'2020-11-04 18:30:07',4543893086396219392,'2020-11-04 18:30:07'),(2631,4585675043647799296,4689692313968984070,'413823dbd0224738889aa5cec69b3704',0,4543893086396219392,'2020-11-04 18:30:07',4543893086396219392,'2020-11-04 18:30:07'),(2632,4585675043647799296,4689692313968984071,'413823dbd0224738889aa5cec69b3704',0,4543893086396219392,'2020-11-04 18:30:07',4543893086396219392,'2020-11-04 18:30:07'),(2633,4585675043647799296,4689692313968984072,'413823dbd0224738889aa5cec69b3704',0,4543893086396219392,'2020-11-04 18:30:07',4543893086396219392,'2020-11-04 18:30:07'),(2634,4585675043647799296,4837052504455790592,'413823dbd0224738889aa5cec69b3704',0,4543893086396219392,'2020-11-04 18:30:07',4543893086396219392,'2020-11-04 18:30:07'),(2635,4585675043647799296,4570963337549987841,'413823dbd0224738889aa5cec69b3704',1,4543893086396219392,'2020-11-04 18:30:07',4543893086396219392,'2020-11-04 18:30:07'),(2636,4588438116368400384,4689692313968984065,'413823dbd0224738889aa5cec69b3704',0,4543893086396219392,'2020-11-04 18:30:16',4543893086396219392,'2020-11-04 18:30:16'),(2637,4588438116368400384,4689692313968984066,'413823dbd0224738889aa5cec69b3704',0,4543893086396219392,'2020-11-04 18:30:16',4543893086396219392,'2020-11-04 18:30:16'),(2638,4588438116368400384,4689692313968984067,'413823dbd0224738889aa5cec69b3704',0,4543893086396219392,'2020-11-04 18:30:16',4543893086396219392,'2020-11-04 18:30:16'),(2639,4588438116368400384,4689692313968984068,'413823dbd0224738889aa5cec69b3704',0,4543893086396219392,'2020-11-04 18:30:16',4543893086396219392,'2020-11-04 18:30:16'),(2640,4588438116368400384,4689692313968984069,'413823dbd0224738889aa5cec69b3704',0,4543893086396219392,'2020-11-04 18:30:16',4543893086396219392,'2020-11-04 18:30:16'),(2641,4588438116368400384,4689692313968984070,'413823dbd0224738889aa5cec69b3704',0,4543893086396219392,'2020-11-04 18:30:16',4543893086396219392,'2020-11-04 18:30:16'),(2642,4588438116368400384,4689692313968984071,'413823dbd0224738889aa5cec69b3704',0,4543893086396219392,'2020-11-04 18:30:16',4543893086396219392,'2020-11-04 18:30:16'),(2643,4588438116368400384,4689692313968984072,'413823dbd0224738889aa5cec69b3704',0,4543893086396219392,'2020-11-04 18:30:16',4543893086396219392,'2020-11-04 18:30:16'),(2644,4588438116368400384,4837052504455790592,'413823dbd0224738889aa5cec69b3704',0,4543893086396219392,'2020-11-04 18:30:16',4543893086396219392,'2020-11-04 18:30:16'),(2645,4588438116368400384,4570963337549987841,'413823dbd0224738889aa5cec69b3704',1,4543893086396219392,'2020-11-04 18:30:16',4543893086396219392,'2020-11-04 18:30:16'),(2646,4588120975983263744,4689692313968984065,'413823dbd0224738889aa5cec69b3704',0,4543893086396219392,'2020-11-05 17:06:30',4543893086396219392,'2020-11-05 17:06:30'),(2647,4588120975983263744,4689692313968984066,'413823dbd0224738889aa5cec69b3704',0,4543893086396219392,'2020-11-05 17:06:30',4543893086396219392,'2020-11-05 17:06:30'),(2648,4588120975983263744,4689692313968984067,'413823dbd0224738889aa5cec69b3704',0,4543893086396219392,'2020-11-05 17:06:30',4543893086396219392,'2020-11-05 17:06:30'),(2649,4588120975983263744,4689692313968984068,'413823dbd0224738889aa5cec69b3704',0,4543893086396219392,'2020-11-05 17:06:30',4543893086396219392,'2020-11-05 17:06:30'),(2650,4588120975983263744,4689692313968984069,'413823dbd0224738889aa5cec69b3704',0,4543893086396219392,'2020-11-05 17:06:30',4543893086396219392,'2020-11-05 17:06:30'),(2651,4588120975983263744,4689692313968984070,'413823dbd0224738889aa5cec69b3704',0,4543893086396219392,'2020-11-05 17:06:30',4543893086396219392,'2020-11-05 17:06:30'),(2652,4588120975983263744,4689692313968984071,'413823dbd0224738889aa5cec69b3704',0,4543893086396219392,'2020-11-05 17:06:30',4543893086396219392,'2020-11-05 17:06:30'),(2653,4588120975983263744,4689692313968984072,'413823dbd0224738889aa5cec69b3704',0,4543893086396219392,'2020-11-05 17:06:30',4543893086396219392,'2020-11-05 17:06:30'),(2654,4588120975983263744,4841019095732207616,'413823dbd0224738889aa5cec69b3704',0,4543893086396219392,'2020-11-05 17:06:30',4543893086396219392,'2020-11-05 17:06:30');

UNLOCK TABLES;

/*Table structure for table `sys_user` */

CREATE TABLE `sys_user` (
  `id` bigint(20) NOT NULL COMMENT '主键',
  `account` varchar(100) CHARACTER SET utf8 COLLATE utf8_bin NOT NULL COMMENT '员工账号',
  `password` varchar(100) NOT NULL COMMENT '密码',
  `name` varchar(100) CHARACTER SET utf8 COLLATE utf8_bin DEFAULT NULL COMMENT '员工姓名',
  `mobile` varchar(100) CHARACTER SET utf8 COLLATE utf8_bin NOT NULL COMMENT '手机号码',
  `gender` int(1) DEFAULT NULL COMMENT '性别',
  `dept_id` bigint(20) DEFAULT NULL COMMENT '所属部门',
  `job` varchar(100) DEFAULT NULL COMMENT '岗位',
  `job_rank` varchar(100) DEFAULT NULL COMMENT '职级',
  `status` int(1) NOT NULL DEFAULT '1' COMMENT '状态（-1-删除，0-禁用，1-启用）',
  `creator` bigint(20) NOT NULL COMMENT '创建人（id）',
  `create_time` datetime NOT NULL COMMENT '创建时间',
  `modifier` bigint(20) NOT NULL COMMENT '修改人（id）',
  `update_time` datetime NOT NULL COMMENT '更新时间',
  `view_authority` tinyint(2) NOT NULL DEFAULT '1' COMMENT '查看权限,1=都可以查看,2=仅自己,3=仅本部门',
  PRIMARY KEY (`id`) USING BTREE,
  UNIQUE KEY `account_unique` (`account`) USING BTREE
) ENGINE=InnoDB DEFAULT CHARSET=utf8 ROW_FORMAT=DYNAMIC COMMENT='系统用户表';

/*Data for the table `sys_user` */

LOCK TABLES `sys_user` WRITE;

insert  into `sys_user`(`id`,`account`,`password`,`name`,`mobile`,`gender`,`dept_id`,`job`,`job_rank`,`status`,`creator`,`create_time`,`modifier`,`update_time`,`view_authority`) values (4543893086396219392,'admin','eee113d44755c9a48ad47465b4d2da51','超级管理员','13712371237',-1,4564939010262188032,NULL,NULL,1,4543893086396219392,'2020-07-28 14:55:40',4543893086396219392,'2020-10-22 09:43:26',3),(4567868968232042496,'zhangsan','e99a18c428cb38d5f260853678922e03','张三aaa','13712341234',NULL,4587840634877919232,NULL,NULL,1,4543893086396219392,'2020-08-05 16:28:05',4698399071671435264,'2020-09-25 10:42:56',1),(4567907073181892608,'lisi','abc123456','李四','13745614561',NULL,4567792552173912064,NULL,NULL,1,4543893086396219392,'2020-08-05 16:46:33',4543893086396219392,'2020-08-07 08:40:09',1),(4567924459209506816,'ce','asd123','aaa','13712341235',NULL,4567792552173912064,NULL,NULL,-1,4543893086396219392,'2020-08-05 16:54:59',4543893086396219392,'2020-08-05 16:55:51',1),(4568052655393357824,'kol','abc123456','小石头','13879272941',NULL,4564941381084135424,NULL,NULL,1,4543893086396219392,'2020-08-05 17:57:10',4543893086396219392,'2020-08-05 17:57:10',1),(4568060145816322048,'lisa','MNL12345','大石头','12345678900',NULL,4564941381084135424,NULL,NULL,1,4543893086396219392,'2020-08-05 18:00:48',4543893086396219392,'2020-08-05 18:00:48',1),(4568068323434053632,'anna','53efa85c13954b205dae3334b65b81fb','安娜','16578976573',NULL,4567792552173912064,NULL,NULL,1,4543893086396219392,'2020-08-05 18:04:46',4543893086396219392,'2020-08-06 16:10:24',1),(4570806554063814656,'123','dc483e80a7a0bd9ef71d8cf973673924','托尼','18374983729',NULL,4568065849532891136,NULL,NULL,1,4543893086396219392,'2020-08-06 16:12:59',4543893086396219392,'2020-08-08 09:54:59',1),(4575898770369167360,'886','a123456','test','13678987654',NULL,4564939010262188032,NULL,NULL,-1,4543893086396219392,'2020-08-08 09:23:03',4543893086396219392,'2020-08-08 09:27:39',1),(4575910006003613696,'taoxiaomeng','eee113d44755c9a48ad47465b4d2da51','陶小梦','13767422324',NULL,4564939010262188032,NULL,NULL,1,4543893086396219392,'2020-08-08 09:28:29',4575910006003613696,'2020-10-22 11:06:35',1),(4575910727558119424,'test','eabd8ce9404507aa8c22714d3f5eada9','测试','15345678900',NULL,4564939010262188032,NULL,NULL,1,4543893086396219392,'2020-08-08 09:28:51',4575910727558119424,'2020-08-10 16:21:18',1),(4575968073961455616,'tony1','dc483e80a7a0bd9ef71d8cf973673924','托尼用户','13489000098',NULL,4567792552173912064,NULL,NULL,1,4570806554063814656,'2020-08-08 09:56:39',4543893086396219392,'2020-08-08 14:23:16',1),(4576533944492638208,'wang','65a0ec385ca6a0c1e20d1f8270c28303','王二','13778947894',NULL,4576177840164192256,NULL,NULL,1,4543893086396219392,'2020-08-08 14:31:09',4543893086396219392,'2020-08-08 14:33:09',1),(4581811806464393216,'test1','98afa509d7ac716e9a537688fe02f5cf','测试1','13798766789',NULL,4576177840164192256,NULL,NULL,1,4543893086396219392,'2020-08-10 09:11:15',4575910727558119424,'2020-08-10 10:36:44',1),(4581839259895349248,'test2','eabd8ce9404507aa8c22714d3f5eada9','测试2','12334565678',NULL,4567792552173912064,NULL,NULL,0,4543893086396219392,'2020-08-10 09:24:33',4575910727558119424,'2020-08-10 16:17:06',1),(4581842317912064000,'test3','eabd8ce9404507aa8c22714d3f5eada9','测试3','15678900765',NULL,4567170640909451264,NULL,NULL,1,4543893086396219392,'2020-08-10 09:26:03',4575910727558119424,'2020-08-10 09:33:25',1),(4581845582087208960,'test4','eabd8ce9404507aa8c22714d3f5eada9','测试4','12323454567',NULL,4567792552173912064,NULL,NULL,1,4543893086396219392,'2020-08-10 09:27:38',4575910727558119424,'2020-08-10 09:33:34',1),(4581847025196220416,'test5','eabd8ce9404507aa8c22714d3f5eada9','测试5','14354567432',NULL,4567170640909451264,NULL,NULL,1,4543893086396219392,'2020-08-10 09:28:19',4575910727558119424,'2020-08-10 09:33:42',1),(4581860356774707200,'test6','aaa111','测试6','13456788768',NULL,4568065849532891136,NULL,NULL,1,4575910727558119424,'2020-08-10 09:34:48',4575910727558119424,'2020-08-10 09:38:58',1),(4581898805321940992,'xinzeng','c123456','新1','13745644564',NULL,4576177840164192256,NULL,NULL,1,4543893086396219392,'2020-08-10 09:53:27',4543893086396219392,'2020-08-10 09:53:27',1),(4581901244863365120,'xinzeng2','q123456','新2','15912341234',NULL,4576177840164192256,NULL,NULL,1,4543893086396219392,'2020-08-10 09:54:38',4543893086396219392,'2020-08-10 09:54:38',1),(4582029956443291648,'test7','aaa111','测试7','16573646374',NULL,4576177840164192256,NULL,NULL,1,4575910727558119424,'2020-08-10 10:57:03',4581811806464393216,'2020-08-10 11:16:51',1),(4582507488087130112,'zhouml','dc483e80a7a0bd9ef71d8cf973673924','我','17642065616',NULL,4564941381084135424,NULL,NULL,1,4543893086396219392,'2020-08-10 14:48:42',4543893086396219392,'2020-09-28 09:43:26',3),(4582693271192485888,'test8','eabd8ce9404507aa8c22714d3f5eada9','测试8','17867899876',NULL,4564941381084135424,NULL,NULL,1,4575910727558119424,'2020-08-10 16:18:49',4575910727558119424,'2020-08-10 16:18:49',1),(4582695332776787968,'test9','eabd8ce9404507aa8c22714d3f5eada9','测试9','13456788765',NULL,4576177840164192256,NULL,NULL,1,4582693271192485888,'2020-08-10 16:19:49',4582693271192485888,'2020-08-10 16:19:49',1),(4585671710753177600,'zhang6','65a0ec385ca6a0c1e20d1f8270c28303','张测还','15212341234',NULL,4567792552173912064,NULL,NULL,-1,4575910006003613696,'2020-08-11 16:23:33',4575910006003613696,'2020-08-11 16:24:48',1),(4588459625564618752,'yanshi','5690dddfa28ae085d23518a035707282','演示1','17867543254',NULL,4588451997702701056,NULL,NULL,0,4543893086396219392,'2020-08-12 14:55:51',4543893086396219392,'2020-09-29 17:29:50',1),(4698399071671435264,'tao1','eee113d44755c9a48ad47465b4d2da51','陶小梦1','15020200001',NULL,4587840634877919232,NULL,NULL,-1,4543893086396219392,'2020-09-18 15:43:31',4543893086396219392,'2020-10-22 10:27:04',3),(4763646565564825600,'gaoq','511ed2f6d0841c0c71889f1bfa0504c0','高琦','19907003977',NULL,4567792552173912064,NULL,NULL,1,4543893086396219392,'2020-10-10 15:12:42',4543893086396219392,'2020-10-10 15:18:33',3);

UNLOCK TABLES;

/*Table structure for table `sys_user_role` */

CREATE TABLE `sys_user_role` (
  `id` int(11) NOT NULL AUTO_INCREMENT COMMENT '主键id',
  `user_id` bigint(20) NOT NULL COMMENT '员工id',
  `role_id` bigint(20) NOT NULL COMMENT '角色id',
  `creator` bigint(20) NOT NULL COMMENT '创建人',
  `create_time` datetime NOT NULL COMMENT '创建时间',
  `modifier` bigint(20) NOT NULL COMMENT '修改人（id）',
  `update_time` datetime NOT NULL COMMENT '更新时间',
  PRIMARY KEY (`id`) USING BTREE
) ENGINE=InnoDB AUTO_INCREMENT=173 DEFAULT CHARSET=utf8 ROW_FORMAT=DYNAMIC COMMENT='员工角色关联表';

/*Data for the table `sys_user_role` */

LOCK TABLES `sys_user_role` WRITE;

insert  into `sys_user_role`(`id`,`user_id`,`role_id`,`creator`,`create_time`,`modifier`,`update_time`) values (5,4567924459209506816,4567025264856416256,4543893086396219392,'2020-08-05 16:54:59',4543893086396219392,'2020-08-05 16:54:59'),(6,4567924459209506816,4564099636213596160,4543893086396219392,'2020-08-05 16:54:59',4543893086396219392,'2020-08-05 16:54:59'),(7,4568052655393357824,4564103828101677056,4543893086396219392,'2020-08-05 17:57:11',4543893086396219392,'2020-08-05 17:57:11'),(8,4568060145816322048,4564103828101677056,4543893086396219392,'2020-08-05 18:00:48',4543893086396219392,'2020-08-05 18:00:48'),(17,4568068323434053632,4567019423700893696,4543893086396219392,'2020-08-06 16:10:25',4543893086396219392,'2020-08-06 16:10:25'),(19,4567907073181892608,4564070877112582144,4543893086396219392,'2020-08-07 08:40:09',4543893086396219392,'2020-08-07 08:40:09'),(21,4543893086396219392,4562286404100440064,4543893086396219392,'2020-08-08 08:56:19',4543893086396219392,'2020-08-08 08:56:19'),(23,4575898770369167360,4575891451744894976,4543893086396219392,'2020-08-08 09:26:22',4543893086396219392,'2020-08-08 09:26:22'),(34,4570806554063814656,4575934126539948032,4543893086396219392,'2020-08-08 09:54:59',4543893086396219392,'2020-08-08 09:54:59'),(46,4575968073961455616,4575934126539948032,4543893086396219392,'2020-08-08 14:23:16',4543893086396219392,'2020-08-08 14:23:16'),(48,4576533944492638208,4576531401871998976,4543893086396219392,'2020-08-08 14:33:09',4543893086396219392,'2020-08-08 14:33:09'),(60,4575910727558119424,4581831288436047872,4543893086396219392,'2020-08-10 09:29:02',4543893086396219392,'2020-08-10 09:29:02'),(61,4581842317912064000,4581829226851745792,4575910727558119424,'2020-08-10 09:33:25',4575910727558119424,'2020-08-10 09:33:25'),(62,4581845582087208960,4581829604808867840,4575910727558119424,'2020-08-10 09:33:34',4575910727558119424,'2020-08-10 09:33:34'),(63,4581847025196220416,4581829845327036416,4575910727558119424,'2020-08-10 09:33:42',4575910727558119424,'2020-08-10 09:33:42'),(65,4581860356774707200,4576953442538373120,4575910727558119424,'2020-08-10 09:38:58',4575910727558119424,'2020-08-10 09:38:58'),(66,4581898805321940992,4564070877112582144,4543893086396219392,'2020-08-10 09:53:27',4543893086396219392,'2020-08-10 09:53:27'),(67,4581901244863365120,4564070877112582144,4543893086396219392,'2020-08-10 09:54:38',4543893086396219392,'2020-08-10 09:54:38'),(69,4581811806464393216,4581827921181687808,4575910727558119424,'2020-08-10 10:36:44',4575910727558119424,'2020-08-10 10:36:44'),(72,4582029956443291648,4564101319840776192,4581811806464393216,'2020-08-10 11:16:51',4581811806464393216,'2020-08-10 11:16:51'),(73,4582029956443291648,4564102316273188864,4581811806464393216,'2020-08-10 11:16:51',4581811806464393216,'2020-08-10 11:16:51'),(74,4582029956443291648,4564102659870572544,4581811806464393216,'2020-08-10 11:16:51',4581811806464393216,'2020-08-10 11:16:51'),(82,4581839259895349248,4581828505297240064,4575910727558119424,'2020-08-10 16:17:06',4575910727558119424,'2020-08-10 16:17:06'),(83,4582693271192485888,4575891451744894976,4575910727558119424,'2020-08-10 16:18:49',4575910727558119424,'2020-08-10 16:18:49'),(84,4582695332776787968,4564099636213596160,4582693271192485888,'2020-08-10 16:19:49',4582693271192485888,'2020-08-10 16:19:49'),(88,4585671710753177600,4564070877112582144,4575910006003613696,'2020-08-11 16:24:39',4575910006003613696,'2020-08-11 16:24:39'),(158,4567868968232042496,4564070877112582144,4698399071671435264,'2020-09-25 10:42:56',4698399071671435264,'2020-09-25 10:42:56'),(159,4582507488087130112,4581828505297240064,4543893086396219392,'2020-09-28 09:43:26',4543893086396219392,'2020-09-28 09:43:26'),(160,4582507488087130112,4562286404100440064,4543893086396219392,'2020-09-28 09:43:26',4543893086396219392,'2020-09-28 09:43:26'),(162,4588459625564618752,4588438116368400384,4543893086396219392,'2020-09-29 17:29:50',4543893086396219392,'2020-09-29 17:29:50'),(163,4763646565564825600,4564070877112582144,4543893086396219392,'2020-10-10 15:12:42',4543893086396219392,'2020-10-10 15:12:42'),(164,4698399071671435264,4562286404100440064,4543893086396219392,'2020-10-16 11:17:18',4543893086396219392,'2020-10-16 11:17:18'),(165,4575910006003613696,4562286404100440064,4543893086396219392,'2020-10-22 10:27:47',4543893086396219392,'2020-10-22 10:27:47'),(166,4575910006003613696,4564070877112582144,4543893086396219392,'2020-10-22 10:27:47',4543893086396219392,'2020-10-22 10:27:47'),(167,4575910006003613696,4564099636213596160,4543893086396219392,'2020-10-22 10:27:47',4543893086396219392,'2020-10-22 10:27:47'),(168,4575910006003613696,4575930381328465920,4543893086396219392,'2020-10-22 10:27:47',4543893086396219392,'2020-10-22 10:27:47'),(169,4575910006003613696,4567025264856416256,4543893086396219392,'2020-10-22 10:27:47',4543893086396219392,'2020-10-22 10:27:47'),(170,4575910006003613696,4581829845327036416,4543893086396219392,'2020-10-22 10:27:47',4543893086396219392,'2020-10-22 10:27:47'),(171,4575910006003613696,4585675043647799296,4543893086396219392,'2020-10-22 10:27:47',4543893086396219392,'2020-10-22 10:27:47'),(172,4575910006003613696,4564101319840776192,4543893086396219392,'2020-10-22 10:27:47',4543893086396219392,'2020-10-22 10:27:47');

UNLOCK TABLES;

/*!40101 SET SQL_MODE=@OLD_SQL_MODE */;
/*!40014 SET FOREIGN_KEY_CHECKS=@OLD_FOREIGN_KEY_CHECKS */;
/*!40014 SET UNIQUE_CHECKS=@OLD_UNIQUE_CHECKS */;
/*!40111 SET SQL_NOTES=@OLD_SQL_NOTES */;
